OrderID,CustomerID,ProductID,OrderDate,Field1,UnitsOrdered,Discount
1,2,9,02/01/2012 00:00,2012,113,0
2,3,8,02/01/2012 00:00,,38,0
3,3,2,02/01/2012 00:00,,65,0
4,2,6,03/01/2012 00:00,,99,0
5,4,5,03/01/2012 00:00,,56,0
6,2,3,05/01/2012 00:00,,41,0
7,3,10,05/01/2012 00:00,,142,0.100000001
8,6,8,05/01/2012 00:00,,95,0
9,2,9,07/01/2012 00:00,,106,0.100000001
10,1,9,08/01/2012 00:00,,91,0
11,4,6,09/01/2012 00:00,,80,0
12,3,6,10/01/2012 00:00,,98,0.100000001
13,1,10,12/01/2012 00:00,,150,0
14,1,4,14/01/2012 00:00,,75,0.050000001
15,1,3,15/01/2012 00:00,,150,0
16,1,6,15/01/2012 00:00,,103,0
17,2,6,15/01/2012 00:00,,147,0
18,3,8,15/01/2012 00:00,,117,0
19,4,1,15/01/2012 00:00,,93,0.050000001
20,4,4,15/01/2012 00:00,,38,0
21,4,6,15/01/2012 00:00,,132,0
22,5,7,15/01/2012 00:00,,32,0
23,1,7,16/01/2012 00:00,,99,0
24,2,8,16/01/2012 00:00,,134,0
25,3,4,16/01/2012 00:00,,78,0
26,4,8,16/01/2012 00:00,,90,0
27,6,10,16/01/2012 00:00,,93,0
28,7,9,16/01/2012 00:00,,137,0
29,4,3,18/01/2012 00:00,,98,0
30,6,2,18/01/2012 00:00,,94,0
31,3,6,19/01/2012 00:00,,142,0
32,3,8,19/01/2012 00:00,,29,0
33,2,9,20/01/2012 00:00,,142,0
34,1,5,22/01/2012 00:00,,42,0
35,3,2,23/01/2012 00:00,,102,0.050000001
36,7,8,24/01/2012 00:00,,51,0
37,2,6,25/01/2012 00:00,,129,0
38,7,7,25/01/2012 00:00,,87,0
39,1,8,26/01/2012 00:00,,110,0
40,6,4,26/01/2012 00:00,,142,0
41,3,10,27/01/2012 00:00,,49,0
42,6,5,27/01/2012 00:00,,56,0
43,4,6,28/01/2012 00:00,,48,0
44,7,2,28/01/2012 00:00,,42,0
45,3,3,29/01/2012 00:00,,74,0
46,1,1,30/01/2012 00:00,,95,0
47,4,6,04/02/2012 00:00,,45,0
48,2,1,05/02/2012 00:00,,49,0
49,1,10,06/02/2012 00:00,,107,0.050000001
50,4,3,06/02/2012 00:00,,128,0.100000001
51,4,10,07/02/2012 00:00,,124,0
52,1,3,08/02/2012 00:00,,44,0
53,6,8,09/02/2012 00:00,,34,0.100000001
54,1,8,10/02/2012 00:00,,130,0.100000001
55,2,4,12/02/2012 00:00,,110,0
56,6,1,12/02/2012 00:00,,77,0
57,7,9,12/02/2012 00:00,,98,0
58,3,4,13/02/2012 00:00,,59,0.100000001
59,7,1,15/02/2012 00:00,,127,0
60,6,7,16/02/2012 00:00,,93,0.100000001
61,2,5,17/02/2012 00:00,,135,0
62,4,3,19/02/2012 00:00,,97,0
63,3,6,20/02/2012 00:00,,72,0.100000001
64,5,2,20/02/2012 00:00,,84,0
65,1,2,21/02/2012 00:00,,121,0
66,7,2,21/02/2012 00:00,,101,0
67,7,5,24/02/2012 00:00,,107,0.150000006
68,3,2,27/02/2012 00:00,,74,0
69,5,7,27/02/2012 00:00,,73,0
70,5,10,27/02/2012 00:00,,76,0
71,7,8,27/02/2012 00:00,,62,0
72,6,4,01/03/2012 00:00,,43,0.050000001
73,5,3,03/03/2012 00:00,,133,0.050000001
74,4,2,04/03/2012 00:00,,120,0
75,1,9,05/03/2012 00:00,,68,0
76,7,9,05/03/2012 00:00,,103,0.050000001
77,1,7,06/03/2012 00:00,,46,0
78,6,10,06/03/2012 00:00,,130,0
79,7,1,06/03/2012 00:00,,103,0
80,2,1,07/03/2012 00:00,,96,0
81,3,4,07/03/2012 00:00,,32,0
82,2,3,08/03/2012 00:00,,50,0
83,2,3,10/03/2012 00:00,,135,0
84,6,3,10/03/2012 00:00,,69,0
85,1,1,12/03/2012 00:00,,37,0
86,1,5,12/03/2012 00:00,,28,0
87,4,7,13/03/2012 00:00,,69,0
88,5,9,13/03/2012 00:00,,89,0.100000001
89,1,1,14/03/2012 00:00,,130,0.050000001
90,2,5,14/03/2012 00:00,,76,0
91,2,7,15/03/2012 00:00,,121,0.100000001
92,6,4,15/03/2012 00:00,,45,0.050000001
93,7,9,15/03/2012 00:00,,57,0
94,5,10,16/03/2012 00:00,,35,0
95,3,8,17/03/2012 00:00,,25,0
96,4,6,18/03/2012 00:00,,117,0.050000001
97,2,2,19/03/2012 00:00,,145,0
98,5,6,19/03/2012 00:00,,129,0.100000001
99,3,8,21/03/2012 00:00,,42,0
100,3,10,21/03/2012 00:00,,149,0
101,6,9,21/03/2012 00:00,,102,0
102,1,1,22/03/2012 00:00,,44,0
103,1,10,22/03/2012 00:00,,112,0
104,7,5,22/03/2012 00:00,,35,0
105,3,1,23/03/2012 00:00,,124,0
106,7,6,23/03/2012 00:00,,105,0
107,6,7,25/03/2012 00:00,,95,0
108,1,3,26/03/2012 00:00,,70,0
109,6,5,27/03/2012 00:00,,79,0
110,1,5,28/03/2012 00:00,,40,0
111,5,7,28/03/2012 00:00,,50,0
112,2,2,29/03/2012 00:00,,75,0
113,5,2,29/03/2012 00:00,,74,0
114,5,4,30/03/2012 00:00,,89,0
115,2,5,31/03/2012 00:00,,131,0
116,7,1,31/03/2012 00:00,,66,0
117,7,2,02/04/2012 00:00,,130,0
118,4,9,04/04/2012 00:00,,128,0
119,3,5,05/04/2012 00:00,,84,0
120,1,10,07/04/2012 00:00,,145,0
121,3,5,07/04/2012 00:00,,86,0
122,7,2,07/04/2012 00:00,,135,0
123,1,5,08/04/2012 00:00,,131,0
124,3,6,08/04/2012 00:00,,56,0
125,5,4,08/04/2012 00:00,,95,0.050000001
126,7,8,08/04/2012 00:00,,129,0
127,6,5,09/04/2012 00:00,,44,0.050000001
128,4,7,10/04/2012 00:00,,111,0
129,7,3,10/04/2012 00:00,,105,0.150000006
130,1,6,11/04/2012 00:00,,110,0
131,1,6,14/04/2012 00:00,,25,0
132,1,9,14/04/2012 00:00,,130,0.050000001
133,5,3,15/04/2012 00:00,,123,0
134,6,8,15/04/2012 00:00,,109,0
135,4,3,16/04/2012 00:00,,81,0.150000006
136,7,5,17/04/2012 00:00,,150,0
137,6,4,18/04/2012 00:00,,26,0
138,7,3,20/04/2012 00:00,,56,0
139,1,3,21/04/2012 00:00,,63,0
140,1,6,21/04/2012 00:00,,145,0.100000001
141,2,10,21/04/2012 00:00,,106,0
142,1,10,22/04/2012 00:00,,136,0
143,2,3,22/04/2012 00:00,,145,0
144,3,2,22/04/2012 00:00,,80,0
145,5,8,22/04/2012 00:00,,114,0.100000001
146,6,10,22/04/2012 00:00,,28,0
147,1,2,23/04/2012 00:00,,150,0
148,2,3,24/04/2012 00:00,,148,0.050000001
149,5,2,24/04/2012 00:00,,64,0.100000001
150,7,7,26/04/2012 00:00,,122,0
151,3,9,30/04/2012 00:00,,119,0
152,4,7,30/04/2012 00:00,,31,0
153,3,3,01/05/2012 00:00,,35,0.150000006
154,1,2,02/05/2012 00:00,,45,0
155,1,6,02/05/2012 00:00,,104,0
156,3,7,03/05/2012 00:00,,141,0
157,5,3,03/05/2012 00:00,,47,0
158,1,6,05/05/2012 00:00,,42,0
159,3,1,05/05/2012 00:00,,112,0
160,1,4,06/05/2012 00:00,,46,0
161,2,5,06/05/2012 00:00,,65,0
162,5,10,09/05/2012 00:00,,78,0
163,2,10,11/05/2012 00:00,,112,0.050000001
164,6,7,12/05/2012 00:00,,150,0
165,4,5,13/05/2012 00:00,,93,0
166,6,4,13/05/2012 00:00,,25,0
167,4,4,14/05/2012 00:00,,51,0
168,5,2,14/05/2012 00:00,,117,0
169,6,5,14/05/2012 00:00,,49,0
170,3,1,15/05/2012 00:00,,45,0.150000006
171,2,1,16/05/2012 00:00,,53,0
172,2,9,16/05/2012 00:00,,120,0
173,4,8,16/05/2012 00:00,,149,0
174,2,2,18/05/2012 00:00,,134,0
175,4,9,18/05/2012 00:00,,137,0
176,1,9,19/05/2012 00:00,,86,0
177,1,1,20/05/2012 00:00,,87,0
178,5,6,20/05/2012 00:00,,99,0
179,3,5,21/05/2012 00:00,,128,0
180,5,2,22/05/2012 00:00,,125,0.100000001
181,5,6,22/05/2012 00:00,,141,0
182,7,4,23/05/2012 00:00,,58,0
183,6,2,24/05/2012 00:00,,127,0
184,4,7,25/05/2012 00:00,,88,0
185,5,7,25/05/2012 00:00,,75,0
186,4,9,26/05/2012 00:00,,45,0.100000001
187,6,9,26/05/2012 00:00,,139,0
188,5,3,27/05/2012 00:00,,52,0
189,6,10,28/05/2012 00:00,,59,0
190,3,9,30/05/2012 00:00,,75,0
191,6,1,30/05/2012 00:00,,143,0
192,7,7,30/05/2012 00:00,,137,0
193,3,7,31/05/2012 00:00,,33,0.050000001
194,4,3,31/05/2012 00:00,,35,0
195,4,9,31/05/2012 00:00,,84,0
196,3,3,01/06/2012 00:00,,115,0
197,1,7,02/06/2012 00:00,,120,0.100000001
198,2,8,02/06/2012 00:00,,120,0
199,3,2,02/06/2012 00:00,,114,0
200,6,7,02/06/2012 00:00,,70,0
201,1,8,03/06/2012 00:00,,81,0
202,2,10,04/06/2012 00:00,,58,0.050000001
203,4,2,04/06/2012 00:00,,93,0
204,4,7,04/06/2012 00:00,,40,0
205,4,2,05/06/2012 00:00,,25,0.050000001
206,4,7,05/06/2012 00:00,,128,0.050000001
207,4,9,05/06/2012 00:00,,118,0
208,2,9,06/06/2012 00:00,,61,0
209,7,6,06/06/2012 00:00,,74,0
210,1,8,10/06/2012 00:00,,82,0
211,5,8,11/06/2012 00:00,,146,0
212,4,8,13/06/2012 00:00,,56,0.050000001
213,5,3,13/06/2012 00:00,,77,0
214,7,9,13/06/2012 00:00,,143,0
215,1,5,14/06/2012 00:00,,39,0
216,3,3,14/06/2012 00:00,,119,0
217,6,8,14/06/2012 00:00,,141,0
218,7,10,14/06/2012 00:00,,74,0.050000001
219,3,2,15/06/2012 00:00,,45,0
220,3,6,15/06/2012 00:00,,95,0
221,5,7,15/06/2012 00:00,,144,0
222,6,2,15/06/2012 00:00,,88,0
223,4,3,16/06/2012 00:00,,53,0.100000001
224,4,1,17/06/2012 00:00,,76,0
225,2,9,19/06/2012 00:00,,148,0
226,4,6,19/06/2012 00:00,,121,0
227,4,10,19/06/2012 00:00,,49,0
228,1,3,21/06/2012 00:00,,131,0
229,2,8,23/06/2012 00:00,,142,0
230,6,9,23/06/2012 00:00,,132,0
231,7,6,28/06/2012 00:00,,74,0
232,7,8,28/06/2012 00:00,,26,0.100000001
233,2,4,29/06/2012 00:00,,54,0
234,2,9,29/06/2012 00:00,,99,0
235,5,5,29/06/2012 00:00,,71,0
236,5,8,29/06/2012 00:00,,54,0
237,7,4,29/06/2012 00:00,,80,0
238,2,3,30/06/2012 00:00,,31,0
239,3,3,01/07/2012 00:00,,38,0
240,5,8,01/07/2012 00:00,,146,0
241,2,10,02/07/2012 00:00,,69,0
242,6,5,02/07/2012 00:00,,148,0.050000001
243,6,9,03/07/2012 00:00,,122,0.150000006
244,7,5,03/07/2012 00:00,,123,0
245,7,10,04/07/2012 00:00,,97,0.050000001
246,3,7,05/07/2012 00:00,,77,0
247,1,6,06/07/2012 00:00,,28,0
248,1,1,07/07/2012 00:00,,98,0
249,6,1,07/07/2012 00:00,,103,0
250,2,6,09/07/2012 00:00,,43,0
251,6,3,11/07/2012 00:00,,130,0
252,1,6,12/07/2012 00:00,,54,0.050000001
253,3,7,14/07/2012 00:00,,117,0
254,3,4,15/07/2012 00:00,,77,0
255,2,8,16/07/2012 00:00,,38,0
256,6,3,16/07/2012 00:00,,58,0
257,6,4,17/07/2012 00:00,,148,0
258,7,4,18/07/2012 00:00,,142,0
259,7,7,19/07/2012 00:00,,37,0
260,1,10,20/07/2012 00:00,,79,0
261,6,2,21/07/2012 00:00,,83,0
262,6,9,22/07/2012 00:00,,130,0.150000006
263,7,4,23/07/2012 00:00,,63,0
264,4,5,24/07/2012 00:00,,138,0
265,5,5,24/07/2012 00:00,,148,0
266,3,4,25/07/2012 00:00,,27,0
267,5,1,26/07/2012 00:00,,92,0
268,5,5,26/07/2012 00:00,,83,0
269,5,9,27/07/2012 00:00,,73,0
270,5,6,28/07/2012 00:00,,53,0
271,5,8,28/07/2012 00:00,,52,0
272,1,5,29/07/2012 00:00,,143,0
273,1,10,30/07/2012 00:00,,124,0
274,2,1,30/07/2012 00:00,,115,0.150000006
275,6,10,30/07/2012 00:00,,37,0
276,5,10,01/08/2012 00:00,,45,0
277,1,8,03/08/2012 00:00,,79,0
278,7,2,04/08/2012 00:00,,110,0
279,3,4,06/08/2012 00:00,,70,0
280,4,2,10/08/2012 00:00,,96,0.050000001
281,1,1,12/08/2012 00:00,,125,0
282,6,1,13/08/2012 00:00,,51,0.050000001
283,7,8,13/08/2012 00:00,,79,0
284,3,5,14/08/2012 00:00,,76,0.100000001
285,5,1,14/08/2012 00:00,,105,0
286,1,6,15/08/2012 00:00,,86,0
287,7,2,15/08/2012 00:00,,108,0
288,5,8,16/08/2012 00:00,,27,0.100000001
289,6,2,16/08/2012 00:00,,64,0
290,7,10,16/08/2012 00:00,,136,0
291,7,5,17/08/2012 00:00,,33,0
292,4,2,22/08/2012 00:00,,107,0
293,6,10,22/08/2012 00:00,,56,0.050000001
294,4,1,23/08/2012 00:00,,106,0.050000001
295,5,2,23/08/2012 00:00,,84,0
296,1,7,26/08/2012 00:00,,66,0
297,1,9,26/08/2012 00:00,,71,0
298,5,3,26/08/2012 00:00,,101,0
299,3,6,27/08/2012 00:00,,30,0
300,5,7,27/08/2012 00:00,,112,0
301,6,9,27/08/2012 00:00,,35,0.100000001
302,3,5,28/08/2012 00:00,,124,0
303,6,10,28/08/2012 00:00,,143,0
304,4,5,29/08/2012 00:00,,39,0
305,3,4,30/08/2012 00:00,,25,0
306,1,2,31/08/2012 00:00,,36,0
307,3,7,31/08/2012 00:00,,94,0.100000001
308,6,3,31/08/2012 00:00,,104,0
309,6,7,31/08/2012 00:00,,90,0
310,4,2,01/09/2012 00:00,,55,0
311,1,4,02/09/2012 00:00,,35,0
312,2,2,02/09/2012 00:00,,38,0
313,4,7,02/09/2012 00:00,,121,0
314,5,7,03/09/2012 00:00,,141,0
315,2,4,04/09/2012 00:00,,42,0.050000001
316,2,10,04/09/2012 00:00,,98,0
317,4,8,04/09/2012 00:00,,112,0
318,6,6,04/09/2012 00:00,,58,0
319,7,5,05/09/2012 00:00,,61,0
320,5,9,06/09/2012 00:00,,48,0
321,2,5,07/09/2012 00:00,,93,0.050000001
322,3,5,07/09/2012 00:00,,121,0
323,2,1,08/09/2012 00:00,,126,0
324,2,8,08/09/2012 00:00,,30,0
325,7,3,08/09/2012 00:00,,137,0.100000001
326,7,10,08/09/2012 00:00,,150,0
327,1,7,09/09/2012 00:00,,146,0
328,5,5,09/09/2012 00:00,,81,0
329,2,2,12/09/2012 00:00,,77,0
330,3,2,12/09/2012 00:00,,46,0
331,3,10,12/09/2012 00:00,,52,0.050000001
332,6,5,12/09/2012 00:00,,57,0.050000001
333,7,6,12/09/2012 00:00,,64,0
334,1,3,13/09/2012 00:00,,120,0.050000001
335,3,4,13/09/2012 00:00,,124,0
336,2,7,15/09/2012 00:00,,54,0
337,7,4,15/09/2012 00:00,,45,0
338,1,6,16/09/2012 00:00,,57,0.050000001
339,7,6,18/09/2012 00:00,,47,0
340,4,6,20/09/2012 00:00,,149,0
341,7,4,21/09/2012 00:00,,137,0
342,7,8,22/09/2012 00:00,,128,0
343,3,2,25/09/2012 00:00,,98,0
344,3,10,25/09/2012 00:00,,75,0
345,7,8,25/09/2012 00:00,,114,0.050000001
346,1,10,26/09/2012 00:00,,35,0
347,5,7,26/09/2012 00:00,,149,0
348,6,4,26/09/2012 00:00,,101,0
349,1,3,27/09/2012 00:00,,102,0
350,3,2,27/09/2012 00:00,,143,0.050000001
351,6,1,27/09/2012 00:00,,116,0
352,6,9,28/09/2012 00:00,,132,0
353,1,9,01/10/2012 00:00,,107,0
354,4,5,01/10/2012 00:00,,27,0.050000001
355,1,2,02/10/2012 00:00,,145,0
356,5,1,02/10/2012 00:00,,87,0.100000001
357,6,9,02/10/2012 00:00,,74,0
358,3,10,03/10/2012 00:00,,117,0
359,4,8,03/10/2012 00:00,,84,0
360,2,4,04/10/2012 00:00,,75,0
361,2,2,08/10/2012 00:00,,34,0
362,2,3,08/10/2012 00:00,,130,0.050000001
363,6,7,08/10/2012 00:00,,52,0.050000001
364,4,10,11/10/2012 00:00,,150,0
365,1,1,12/10/2012 00:00,,115,0
366,4,1,12/10/2012 00:00,,65,0
367,4,8,12/10/2012 00:00,,113,0
368,7,3,12/10/2012 00:00,,34,0
369,7,9,12/10/2012 00:00,,112,0
370,1,10,13/10/2012 00:00,,87,0
371,2,7,15/10/2012 00:00,,72,0
372,4,1,15/10/2012 00:00,,31,0
373,4,8,16/10/2012 00:00,,87,0
374,1,5,18/10/2012 00:00,,52,0.100000001
375,7,1,18/10/2012 00:00,,94,0
376,4,9,19/10/2012 00:00,,102,0
377,5,6,19/10/2012 00:00,,91,0
378,7,1,20/10/2012 00:00,,72,0
379,4,1,21/10/2012 00:00,,92,0
380,4,4,21/10/2012 00:00,,78,0
381,7,2,22/10/2012 00:00,,146,0.050000001
382,1,3,23/10/2012 00:00,,109,0
383,2,10,23/10/2012 00:00,,31,0
384,3,2,23/10/2012 00:00,,142,0
385,4,9,24/10/2012 00:00,,54,0
386,5,2,24/10/2012 00:00,,124,0
387,5,2,26/10/2012 00:00,,139,0
388,5,6,28/10/2012 00:00,,133,0
389,2,10,29/10/2012 00:00,,143,0
390,3,4,31/10/2012 00:00,,142,0
391,1,9,02/11/2012 00:00,,125,0
392,3,10,02/11/2012 00:00,,60,0
393,4,1,02/11/2012 00:00,,31,0.150000006
394,4,10,03/11/2012 00:00,,101,0
395,6,6,04/11/2012 00:00,,140,0
396,5,4,05/11/2012 00:00,,105,0
397,5,8,05/11/2012 00:00,,101,0.050000001
398,5,9,05/11/2012 00:00,,96,0.100000001
399,4,7,07/11/2012 00:00,,29,0
400,7,8,07/11/2012 00:00,,123,0.050000001
401,1,1,08/11/2012 00:00,,40,0.100000001
402,2,10,09/11/2012 00:00,,91,0
403,6,1,10/11/2012 00:00,,81,0
404,4,10,11/11/2012 00:00,,113,0
405,1,1,12/11/2012 00:00,,26,0
406,2,7,13/11/2012 00:00,,58,0
407,3,5,13/11/2012 00:00,,32,0.050000001
408,6,5,13/11/2012 00:00,,45,0
409,5,10,14/11/2012 00:00,,107,0
410,6,2,14/11/2012 00:00,,80,0
411,2,1,16/11/2012 00:00,,89,0
412,4,4,16/11/2012 00:00,,138,0.050000001
413,7,5,18/11/2012 00:00,,93,0.100000001
414,5,4,20/11/2012 00:00,,65,0
415,6,9,20/11/2012 00:00,,139,0
416,1,8,21/11/2012 00:00,,41,0.100000001
417,4,2,21/11/2012 00:00,,68,0
418,5,3,21/11/2012 00:00,,110,0
419,5,8,21/11/2012 00:00,,93,0
420,2,3,22/11/2012 00:00,,45,0
421,2,5,22/11/2012 00:00,,43,0
422,1,2,23/11/2012 00:00,,129,0
423,1,10,23/11/2012 00:00,,100,0
424,7,3,23/11/2012 00:00,,43,0
425,1,6,24/11/2012 00:00,,114,0.050000001
426,3,3,24/11/2012 00:00,,98,0
427,6,3,24/11/2012 00:00,,115,0
428,6,9,24/11/2012 00:00,,127,0
429,1,8,25/11/2012 00:00,,56,0
430,5,7,25/11/2012 00:00,,85,0.150000006
431,1,4,26/11/2012 00:00,,45,0
432,4,8,26/11/2012 00:00,,85,0
433,6,10,26/11/2012 00:00,,106,0.100000001
434,1,10,28/11/2012 00:00,,126,0
435,4,9,28/11/2012 00:00,,123,0
436,6,3,28/11/2012 00:00,,127,0
437,1,4,29/11/2012 00:00,,108,0
438,3,2,29/11/2012 00:00,,116,0
439,2,10,02/12/2012 00:00,,134,0.100000001
440,7,5,03/12/2012 00:00,,63,0.150000006
441,1,5,04/12/2012 00:00,,52,0
442,3,7,04/12/2012 00:00,,44,0.050000001
443,7,7,05/12/2012 00:00,,143,0
444,1,1,06/12/2012 00:00,,120,0
445,2,9,06/12/2012 00:00,,101,0
446,4,6,08/12/2012 00:00,,97,0
447,7,8,08/12/2012 00:00,,149,0.050000001
448,1,3,09/12/2012 00:00,,101,0.050000001
449,3,10,09/12/2012 00:00,,126,0.050000001
450,7,1,09/12/2012 00:00,,83,0
451,7,6,09/12/2012 00:00,,61,0.100000001
452,5,1,10/12/2012 00:00,,141,0
453,7,7,10/12/2012 00:00,,70,0
454,6,5,12/12/2012 00:00,,71,0
455,3,10,15/12/2012 00:00,,67,0
456,6,2,15/12/2012 00:00,,75,0.050000001
457,1,10,16/12/2012 00:00,,56,0
458,5,2,16/12/2012 00:00,,79,0
459,6,3,16/12/2012 00:00,,88,0
460,7,1,16/12/2012 00:00,,76,0
461,7,5,16/12/2012 00:00,,99,0
462,7,2,17/12/2012 00:00,,25,0
463,1,1,18/12/2012 00:00,,59,0
464,4,9,19/12/2012 00:00,,103,0
465,5,2,20/12/2012 00:00,,112,0.050000001
466,4,1,24/12/2012 00:00,,133,0
467,1,2,26/12/2012 00:00,,66,0.050000001
468,7,2,27/12/2012 00:00,,51,0
469,1,6,30/12/2012 00:00,,95,0
470,3,3,30/12/2012 00:00,,43,0.100000001
471,4,8,30/12/2012 00:00,,112,0
472,7,7,30/12/2012 00:00,,42,0
473,3,3,01/01/2013 00:00,,87,0
474,2,2,02/01/2013 00:00,,102,0
475,2,6,03/01/2013 00:00,,100,0
476,6,5,03/01/2013 00:00,,27,0
477,6,10,03/01/2013 00:00,,71,0
478,4,1,05/01/2013 00:00,,66,0.100000001
479,2,4,06/01/2013 00:00,,57,0
480,2,6,06/01/2013 00:00,,137,0
481,3,4,06/01/2013 00:00,,150,0
482,2,10,08/01/2013 00:00,,123,0.150000006
483,7,3,08/01/2013 00:00,,66,0
484,6,6,09/01/2013 00:00,,81,0.050000001
485,4,5,11/01/2013 00:00,,77,0
486,7,4,11/01/2013 00:00,,71,0
487,5,4,12/01/2013 00:00,,126,0
488,6,2,15/01/2013 00:00,,144,0
489,7,5,15/01/2013 00:00,,44,0
490,3,4,17/01/2013 00:00,,102,0
491,5,1,17/01/2013 00:00,,48,0
492,7,10,17/01/2013 00:00,,56,0
493,3,1,18/01/2013 00:00,,80,0.050000001
494,7,9,18/01/2013 00:00,,132,0.050000001
495,2,9,20/01/2013 00:00,,115,0.100000001
496,3,4,20/01/2013 00:00,,87,0.050000001
497,4,5,20/01/2013 00:00,,26,0
498,7,1,20/01/2013 00:00,,76,0
499,7,5,20/01/2013 00:00,,43,0
500,2,1,21/01/2013 00:00,,30,0
501,2,6,21/01/2013 00:00,,50,0
502,4,3,22/01/2013 00:00,,138,0
503,1,6,23/01/2013 00:00,,110,0.050000001
504,3,1,23/01/2013 00:00,,105,0
505,1,9,25/01/2013 00:00,,97,0
506,2,6,25/01/2013 00:00,,52,0.100000001
507,3,1,25/01/2013 00:00,,55,0
508,2,2,26/01/2013 00:00,,65,0
509,5,3,27/01/2013 00:00,,114,0
510,1,9,28/01/2013 00:00,,79,0
511,4,4,28/01/2013 00:00,,143,0
512,5,10,28/01/2013 00:00,,46,0
513,1,10,29/01/2013 00:00,,43,0
514,2,9,30/01/2013 00:00,,91,0
515,1,3,31/01/2013 00:00,,47,0.050000001
516,3,6,01/02/2013 00:00,,84,0
517,7,7,01/02/2013 00:00,,69,0
518,1,4,03/02/2013 00:00,,31,0
519,4,9,04/02/2013 00:00,,60,0.100000001
520,1,1,05/02/2013 00:00,,81,0
521,2,1,05/02/2013 00:00,,118,0
522,7,10,05/02/2013 00:00,,99,0.100000001
523,1,7,07/02/2013 00:00,,85,0
524,2,7,07/02/2013 00:00,,149,0
525,1,4,08/02/2013 00:00,,149,0.050000001
526,1,9,10/02/2013 00:00,,65,0
527,2,7,11/02/2013 00:00,,71,0
528,5,6,12/02/2013 00:00,,94,0
529,5,10,13/02/2013 00:00,,138,0.150000006
530,6,1,13/02/2013 00:00,,70,0
531,2,1,16/02/2013 00:00,,29,0
532,2,1,18/02/2013 00:00,,99,0
533,4,3,19/02/2013 00:00,,83,0.100000001
534,4,9,19/02/2013 00:00,,110,0
535,1,3,20/02/2013 00:00,,121,0
536,3,8,20/02/2013 00:00,,133,0.100000001
537,5,2,20/02/2013 00:00,,66,0
538,7,5,20/02/2013 00:00,,125,0
539,2,2,21/02/2013 00:00,,135,0.150000006
540,3,2,21/02/2013 00:00,,142,0
541,7,6,21/02/2013 00:00,,50,0
542,3,10,23/02/2013 00:00,,85,0.050000001
543,5,7,23/02/2013 00:00,,58,0
544,4,8,25/02/2013 00:00,,33,0.100000001
545,3,6,26/02/2013 00:00,,125,0
546,4,10,26/02/2013 00:00,,119,0.150000006
547,2,10,27/02/2013 00:00,,36,0
548,4,8,27/02/2013 00:00,,36,0
549,5,3,27/02/2013 00:00,,97,0
550,2,9,28/02/2013 00:00,,57,0
551,1,6,01/03/2013 00:00,,107,0.050000001
552,3,10,01/03/2013 00:00,,146,0
553,5,1,01/03/2013 00:00,,88,0
554,1,7,02/03/2013 00:00,,136,0
555,6,8,02/03/2013 00:00,,150,0
556,2,4,04/03/2013 00:00,,92,0.050000001
557,5,5,04/03/2013 00:00,,50,0
558,3,3,07/03/2013 00:00,,72,0
559,4,3,08/03/2013 00:00,,137,0
560,6,8,08/03/2013 00:00,,64,0
561,3,2,09/03/2013 00:00,,87,0
562,6,5,12/03/2013 00:00,,141,0
563,6,2,13/03/2013 00:00,,110,0
564,1,10,15/03/2013 00:00,,105,0
565,3,5,15/03/2013 00:00,,50,0
566,3,10,16/03/2013 00:00,,111,0
567,4,6,17/03/2013 00:00,,135,0
568,1,3,19/03/2013 00:00,,83,0
569,2,3,19/03/2013 00:00,,150,0
570,2,10,19/03/2013 00:00,,49,0
571,5,5,19/03/2013 00:00,,129,0
572,1,9,21/03/2013 00:00,,61,0
573,4,7,22/03/2013 00:00,,136,0
574,6,4,22/03/2013 00:00,,145,0
575,7,3,23/03/2013 00:00,,77,0
576,5,8,24/03/2013 00:00,,41,0
577,2,4,26/03/2013 00:00,,42,0
578,3,3,28/03/2013 00:00,,126,0
579,2,7,29/03/2013 00:00,,58,0
580,2,10,31/03/2013 00:00,,45,0
581,3,1,01/04/2013 00:00,,34,0
582,3,8,03/04/2013 00:00,,56,0
583,1,3,06/04/2013 00:00,,119,0
584,4,5,06/04/2013 00:00,,75,0
585,3,4,07/04/2013 00:00,,25,0
586,2,4,09/04/2013 00:00,,148,0
587,6,1,11/04/2013 00:00,,125,0.150000006
588,6,10,11/04/2013 00:00,,95,0
589,5,1,12/04/2013 00:00,,93,0
590,6,2,12/04/2013 00:00,,39,0.050000001
591,6,8,12/04/2013 00:00,,83,0
592,2,5,13/04/2013 00:00,,148,0
593,7,2,13/04/2013 00:00,,94,0.100000001
594,1,4,14/04/2013 00:00,,122,0
595,7,4,14/04/2013 00:00,,109,0
596,4,4,17/04/2013 00:00,,136,0
597,7,3,17/04/2013 00:00,,62,0
598,7,7,19/04/2013 00:00,,110,0
599,3,9,20/04/2013 00:00,,95,0
600,3,10,21/04/2013 00:00,,77,0.050000001
601,7,6,22/04/2013 00:00,,26,0
602,6,2,24/04/2013 00:00,,99,0
603,1,9,27/04/2013 00:00,,29,0.100000001
604,5,5,27/04/2013 00:00,,54,0.050000001
605,3,10,28/04/2013 00:00,,106,0
606,6,9,28/04/2013 00:00,,141,0
607,7,1,28/04/2013 00:00,,53,0
608,6,7,29/04/2013 00:00,,113,0.050000001
609,4,3,30/04/2013 00:00,,29,0
610,7,7,30/04/2013 00:00,,103,0.050000001
611,1,10,01/05/2013 00:00,,55,0
612,5,9,01/05/2013 00:00,,143,0
613,3,8,02/05/2013 00:00,,140,0
614,5,7,02/05/2013 00:00,,135,0
615,4,7,03/05/2013 00:00,,84,0
616,2,2,04/05/2013 00:00,,149,0
617,2,3,06/05/2013 00:00,,75,0
618,2,4,06/05/2013 00:00,,148,0
619,4,10,06/05/2013 00:00,,64,0.100000001
620,6,8,06/05/2013 00:00,,100,0
621,1,2,07/05/2013 00:00,,63,0.050000001
622,4,2,08/05/2013 00:00,,89,0.050000001
623,7,4,08/05/2013 00:00,,45,0.050000001
624,7,9,08/05/2013 00:00,,33,0.100000001
625,4,9,10/05/2013 00:00,,51,0
626,2,8,11/05/2013 00:00,,140,0
627,7,1,11/05/2013 00:00,,29,0
628,4,1,12/05/2013 00:00,,114,0
629,2,4,13/05/2013 00:00,,100,0
630,6,1,13/05/2013 00:00,,33,0
631,5,7,14/05/2013 00:00,,70,0
632,3,2,15/05/2013 00:00,,43,0.050000001
633,2,4,16/05/2013 00:00,,83,0.050000001
634,5,7,16/05/2013 00:00,,130,0
635,3,7,17/05/2013 00:00,,85,0
636,2,10,18/05/2013 00:00,,149,0
637,5,8,19/05/2013 00:00,,122,0
638,7,5,19/05/2013 00:00,,125,0
639,1,7,20/05/2013 00:00,,115,0.100000001
640,6,9,20/05/2013 00:00,,86,0
641,2,5,22/05/2013 00:00,,98,0
642,4,7,22/05/2013 00:00,,95,0.100000001
643,3,8,23/05/2013 00:00,,54,0
644,1,5,24/05/2013 00:00,,109,0
645,3,1,24/05/2013 00:00,,57,0
646,1,10,27/05/2013 00:00,,111,0.100000001
647,6,5,27/05/2013 00:00,,32,0.100000001
648,1,6,29/05/2013 00:00,,140,0
649,2,6,29/05/2013 00:00,,117,0
650,2,5,04/06/2013 00:00,,128,0.100000001
651,4,2,05/06/2013 00:00,,104,0
652,3,5,08/06/2013 00:00,,90,0
653,3,10,08/06/2013 00:00,,133,0.100000001
654,3,4,09/06/2013 00:00,,126,0
655,2,3,10/06/2013 00:00,,113,0.100000001
656,5,4,11/06/2013 00:00,,103,0
657,6,7,12/06/2013 00:00,,34,0
658,4,6,14/06/2013 00:00,,128,0.150000006
659,7,6,14/06/2013 00:00,,130,0
660,2,6,17/06/2013 00:00,,93,0.100000001
661,6,7,17/06/2013 00:00,,138,0.050000001
662,1,1,18/06/2013 00:00,,145,0
663,4,1,18/06/2013 00:00,,127,0
664,7,3,18/06/2013 00:00,,110,0
665,6,8,19/06/2013 00:00,,67,0.100000001
666,2,7,20/06/2013 00:00,,58,0
667,5,6,20/06/2013 00:00,,132,0
668,5,10,20/06/2013 00:00,,51,0
669,7,2,21/06/2013 00:00,,81,0
670,5,1,22/06/2013 00:00,,132,0
671,6,6,22/06/2013 00:00,,76,0
672,7,5,22/06/2013 00:00,,130,0
673,2,2,23/06/2013 00:00,,96,0
674,5,6,23/06/2013 00:00,,69,0
675,6,1,24/06/2013 00:00,,108,0.050000001
676,4,7,26/06/2013 00:00,,71,0
677,6,6,26/06/2013 00:00,,75,0
678,6,8,26/06/2013 00:00,,27,0
679,5,4,29/06/2013 00:00,,63,0
680,5,6,29/06/2013 00:00,,27,0.150000006
681,7,7,30/06/2013 00:00,,47,0
682,3,2,02/07/2013 00:00,,56,0.100000001
683,3,3,03/07/2013 00:00,,149,0
684,4,9,04/07/2013 00:00,,59,0
685,2,10,06/07/2013 00:00,,30,0
686,5,1,06/07/2013 00:00,,132,0
687,1,1,07/07/2013 00:00,,33,0
688,3,3,07/07/2013 00:00,,127,0
689,5,8,07/07/2013 00:00,,107,0
690,1,3,08/07/2013 00:00,,27,0
691,3,7,08/07/2013 00:00,,74,0
692,5,3,09/07/2013 00:00,,98,0.050000001
693,5,8,14/07/2013 00:00,,89,0
694,7,5,15/07/2013 00:00,,35,0
695,4,8,17/07/2013 00:00,,90,0
696,5,8,17/07/2013 00:00,,55,0
697,6,4,17/07/2013 00:00,,52,0
698,4,1,18/07/2013 00:00,,86,0.050000001
699,7,1,18/07/2013 00:00,,64,0
700,5,4,20/07/2013 00:00,,57,0
701,6,2,20/07/2013 00:00,,127,0
702,1,10,21/07/2013 00:00,,58,0
703,4,1,21/07/2013 00:00,,51,0
704,4,9,22/07/2013 00:00,,113,0
705,7,3,22/07/2013 00:00,,50,0
706,5,1,24/07/2013 00:00,,130,0
707,4,5,25/07/2013 00:00,,128,0
708,2,9,26/07/2013 00:00,,113,0.100000001
709,4,5,26/07/2013 00:00,,63,0
710,4,4,28/07/2013 00:00,,32,0
711,3,10,29/07/2013 00:00,,88,0
712,7,8,29/07/2013 00:00,,51,0
713,2,9,01/08/2013 00:00,,114,0
714,3,1,02/08/2013 00:00,,147,0
715,5,8,02/08/2013 00:00,,89,0
716,4,8,03/08/2013 00:00,,77,0
717,5,3,04/08/2013 00:00,,46,0
718,4,10,05/08/2013 00:00,,136,0
719,5,9,05/08/2013 00:00,,65,0
720,1,7,06/08/2013 00:00,,109,0
721,1,10,06/08/2013 00:00,,126,0
722,6,9,06/08/2013 00:00,,51,0.050000001
723,3,10,07/08/2013 00:00,,26,0
724,4,10,07/08/2013 00:00,,137,0
725,6,10,09/08/2013 00:00,,121,0
726,3,4,10/08/2013 00:00,,88,0.050000001
727,7,6,11/08/2013 00:00,,118,0
728,2,5,12/08/2013 00:00,,51,0
729,6,1,12/08/2013 00:00,,68,0
730,5,10,13/08/2013 00:00,,98,0
731,4,4,14/08/2013 00:00,,36,0.100000001
732,2,3,15/08/2013 00:00,,106,0.050000001
733,1,8,16/08/2013 00:00,,49,0
734,4,2,16/08/2013 00:00,,87,0.050000001
735,5,2,16/08/2013 00:00,,142,0
736,5,4,16/08/2013 00:00,,134,0
737,6,9,16/08/2013 00:00,,107,0
738,3,1,17/08/2013 00:00,,105,0
739,5,8,17/08/2013 00:00,,52,0
740,2,4,18/08/2013 00:00,,71,0.100000001
741,2,2,20/08/2013 00:00,,37,0
742,7,3,21/08/2013 00:00,,92,0
743,1,2,23/08/2013 00:00,,98,0
744,1,10,26/08/2013 00:00,,104,0
745,3,3,26/08/2013 00:00,,87,0
746,1,8,27/08/2013 00:00,,132,0
747,6,2,27/08/2013 00:00,,133,0
748,2,8,28/08/2013 00:00,,128,0
749,3,7,29/08/2013 00:00,,110,0
750,5,9,29/08/2013 00:00,,95,0
751,4,5,30/08/2013 00:00,,68,0
752,6,2,30/08/2013 00:00,,98,0
753,3,1,31/08/2013 00:00,,138,0.050000001
754,6,7,01/09/2013 00:00,,136,0
755,1,1,02/09/2013 00:00,,34,0.150000006
756,1,7,02/09/2013 00:00,,135,0
757,6,1,02/09/2013 00:00,,35,0
758,3,9,04/09/2013 00:00,,109,0.150000006
759,2,7,05/09/2013 00:00,,72,0
760,7,2,05/09/2013 00:00,,77,0
761,1,2,07/09/2013 00:00,,109,0
762,3,7,07/09/2013 00:00,,67,0
763,7,5,07/09/2013 00:00,,56,0
764,1,8,09/09/2013 00:00,,49,0
765,4,6,09/09/2013 00:00,,127,0
766,4,9,09/09/2013 00:00,,127,0.050000001
767,3,10,10/09/2013 00:00,,104,0
768,7,5,10/09/2013 00:00,,96,0
769,7,6,11/09/2013 00:00,,61,0
770,1,5,12/09/2013 00:00,,89,0
771,7,9,13/09/2013 00:00,,78,0
772,2,2,18/09/2013 00:00,,64,0
773,7,3,18/09/2013 00:00,,124,0
774,3,5,19/09/2013 00:00,,27,0
775,7,10,19/09/2013 00:00,,149,0
776,1,7,20/09/2013 00:00,,71,0.100000001
777,6,6,20/09/2013 00:00,,101,0
778,7,6,20/09/2013 00:00,,129,0.100000001
779,1,3,23/09/2013 00:00,,98,0
780,7,3,23/09/2013 00:00,,139,0
781,1,10,25/09/2013 00:00,,125,0
782,1,3,26/09/2013 00:00,,30,0
783,1,4,26/09/2013 00:00,,58,0
784,3,2,27/09/2013 00:00,,54,0
785,4,6,28/09/2013 00:00,,72,0
786,5,7,28/09/2013 00:00,,28,0.150000006
787,1,7,29/09/2013 00:00,,37,0.150000006
788,7,7,29/09/2013 00:00,,72,0
789,3,9,30/09/2013 00:00,,112,0
790,3,3,01/10/2013 00:00,,87,0
791,6,5,02/10/2013 00:00,,33,0
792,2,2,03/10/2013 00:00,,56,0
793,2,9,03/10/2013 00:00,,72,0
794,3,2,03/10/2013 00:00,,91,0
795,6,3,03/10/2013 00:00,,103,0
796,1,2,06/10/2013 00:00,,81,0
797,3,7,07/10/2013 00:00,,57,0
798,6,6,07/10/2013 00:00,,91,0
799,2,1,08/10/2013 00:00,,63,0
800,2,3,08/10/2013 00:00,,88,0
801,2,3,09/10/2013 00:00,,108,0
802,2,6,09/10/2013 00:00,,43,0
803,6,3,09/10/2013 00:00,,127,0
804,7,9,09/10/2013 00:00,,132,0
805,2,1,10/10/2013 00:00,,131,0
806,6,2,10/10/2013 00:00,,136,0
807,7,3,12/10/2013 00:00,,41,0
808,5,8,14/10/2013 00:00,,141,0
809,2,4,16/10/2013 00:00,,138,0
810,5,10,17/10/2013 00:00,,104,0.100000001
811,3,10,18/10/2013 00:00,,104,0
812,3,8,21/10/2013 00:00,,71,0
813,7,6,21/10/2013 00:00,,104,0
814,7,7,21/10/2013 00:00,,54,0
815,3,1,22/10/2013 00:00,,25,0
816,1,6,24/10/2013 00:00,,142,0.050000001
817,7,5,26/10/2013 00:00,,115,0
818,4,8,27/10/2013 00:00,,96,0
819,4,4,28/10/2013 00:00,,40,0
820,7,8,28/10/2013 00:00,,85,0
821,5,2,29/10/2013 00:00,,31,0
822,1,3,30/10/2013 00:00,,32,0
823,1,8,31/10/2013 00:00,,85,0.100000001
824,6,3,31/10/2013 00:00,,140,0
825,6,6,02/11/2013 00:00,,98,0
826,7,8,04/11/2013 00:00,,118,0
827,4,6,05/11/2013 00:00,,136,0
828,4,2,07/11/2013 00:00,,56,0
829,6,10,07/11/2013 00:00,,78,0
830,2,7,09/11/2013 00:00,,63,0
831,3,6,09/11/2013 00:00,,87,0.050000001
832,1,1,10/11/2013 00:00,,90,0
833,4,7,11/11/2013 00:00,,128,0
834,4,3,13/11/2013 00:00,,53,0.100000001
835,5,6,13/11/2013 00:00,,77,0.050000001
836,5,10,13/11/2013 00:00,,91,0
837,2,1,14/11/2013 00:00,,75,0.050000001
838,2,4,14/11/2013 00:00,,108,0
839,1,7,15/11/2013 00:00,,139,0
840,3,8,15/11/2013 00:00,,26,0
841,3,8,16/11/2013 00:00,,40,0
842,2,7,17/11/2013 00:00,,35,0
843,5,4,17/11/2013 00:00,,81,0
844,4,4,18/11/2013 00:00,,119,0
845,5,2,18/11/2013 00:00,,134,0
846,5,4,18/11/2013 00:00,,78,0
847,5,6,18/11/2013 00:00,,130,0
848,1,9,19/11/2013 00:00,,104,0.050000001
849,6,6,19/11/2013 00:00,,132,0
850,7,8,19/11/2013 00:00,,67,0
851,3,8,20/11/2013 00:00,,93,0.050000001
852,6,8,20/11/2013 00:00,,147,0.050000001
853,6,6,22/11/2013 00:00,,136,0
854,6,10,23/11/2013 00:00,,111,0
855,2,2,24/11/2013 00:00,,64,0.150000006
856,2,3,27/11/2013 00:00,,45,0
857,6,9,27/11/2013 00:00,,79,0
858,5,6,28/11/2013 00:00,,94,0
859,7,2,29/11/2013 00:00,,38,0
860,2,3,30/11/2013 00:00,,69,0
861,4,9,30/11/2013 00:00,,147,0
862,7,4,01/12/2013 00:00,,62,0.100000001
863,5,2,02/12/2013 00:00,,49,0.100000001
864,5,1,03/12/2013 00:00,,139,0
865,7,10,05/12/2013 00:00,,77,0
866,3,6,07/12/2013 00:00,,54,0
867,7,3,09/12/2013 00:00,,79,0
868,4,3,10/12/2013 00:00,,101,0
869,5,10,12/12/2013 00:00,,57,0
870,2,1,13/12/2013 00:00,,140,0
871,3,10,14/12/2013 00:00,,40,0
872,1,2,15/12/2013 00:00,,49,0
873,1,8,15/12/2013 00:00,,124,0
874,4,3,17/12/2013 00:00,,86,0
875,4,4,17/12/2013 00:00,,56,0
876,3,2,18/12/2013 00:00,,130,0
877,6,10,18/12/2013 00:00,,82,0
878,2,4,19/12/2013 00:00,,45,0
879,6,2,19/12/2013 00:00,,123,0
880,2,9,20/12/2013 00:00,,141,0
881,3,1,21/12/2013 00:00,,53,0
882,4,8,21/12/2013 00:00,,94,0.050000001
883,4,9,21/12/2013 00:00,,106,0.050000001
884,6,2,21/12/2013 00:00,,29,0
885,2,6,24/12/2013 00:00,,78,0
886,4,9,24/12/2013 00:00,,31,0.150000006
887,7,2,25/12/2013 00:00,,30,0
888,1,2,27/12/2013 00:00,,126,0.150000006
889,5,7,27/12/2013 00:00,,124,0
890,5,10,27/12/2013 00:00,,90,0
891,5,2,28/12/2013 00:00,,54,0
892,5,5,28/12/2013 00:00,,63,0
893,7,3,28/12/2013 00:00,,92,0
894,2,1,31/12/2013 00:00,,83,0.050000001
895,3,2,31/12/2013 00:00,,123,0
896,3,4,31/12/2013 00:00,,88,0
897,5,10,01/01/2014 00:00,,72,0.100000001
898,6,3,01/01/2014 00:00,,94,0
899,3,1,02/01/2014 00:00,,70,0
900,5,6,02/01/2014 00:00,,50,0.050000001
901,6,3,02/01/2014 00:00,,67,0
902,3,5,03/01/2014 00:00,,56,0
903,1,10,04/01/2014 00:00,,50,0
904,3,1,05/01/2014 00:00,,64,0
905,4,2,05/01/2014 00:00,,62,0
906,4,1,07/01/2014 00:00,,63,0
907,6,5,08/01/2014 00:00,,64,0
908,6,7,08/01/2014 00:00,,144,0
909,6,10,08/01/2014 00:00,,149,0
910,4,8,09/01/2014 00:00,,126,0
911,6,9,09/01/2014 00:00,,59,0
912,2,1,11/01/2014 00:00,,37,0.100000001
913,2,2,11/01/2014 00:00,,111,0
914,7,9,11/01/2014 00:00,,123,0
915,7,1,12/01/2014 00:00,,123,0
916,4,1,13/01/2014 00:00,,40,0
917,2,2,16/01/2014 00:00,,59,0
918,7,6,17/01/2014 00:00,,46,0.050000001
919,3,7,18/01/2014 00:00,,61,0
920,3,8,18/01/2014 00:00,,99,0.050000001
921,2,3,19/01/2014 00:00,,115,0
922,1,2,22/01/2014 00:00,,31,0
923,1,6,22/01/2014 00:00,,133,0
924,5,3,22/01/2014 00:00,,85,0.150000006
925,3,7,23/01/2014 00:00,,51,0
926,1,4,24/01/2014 00:00,,100,0.100000001
927,1,6,24/01/2014 00:00,,123,0
928,2,1,24/01/2014 00:00,,28,0
929,7,4,25/01/2014 00:00,,50,0.150000006
930,4,10,26/01/2014 00:00,,36,0
931,1,10,27/01/2014 00:00,,25,0
932,5,6,28/01/2014 00:00,,78,0
933,3,5,29/01/2014 00:00,,77,0
934,4,2,29/01/2014 00:00,,107,0.050000001
935,4,4,29/01/2014 00:00,,41,0
936,5,4,29/01/2014 00:00,,150,0.050000001
937,2,1,30/01/2014 00:00,,33,0.100000001
938,2,10,30/01/2014 00:00,,133,0
939,6,5,30/01/2014 00:00,,65,0
940,4,7,31/01/2014 00:00,,101,0
941,1,9,01/02/2014 00:00,,95,0
942,4,9,02/02/2014 00:00,,109,0
943,2,1,03/02/2014 00:00,,143,0
944,4,6,03/02/2014 00:00,,38,0
945,7,9,03/02/2014 00:00,,34,0
946,2,5,04/02/2014 00:00,,55,0
947,4,1,04/02/2014 00:00,,124,0
948,7,1,04/02/2014 00:00,,74,0
949,4,6,05/02/2014 00:00,,60,0
950,5,2,06/02/2014 00:00,,98,0
951,6,3,06/02/2014 00:00,,119,0
952,3,7,07/02/2014 00:00,,141,0
953,4,7,07/02/2014 00:00,,85,0
954,3,9,09/02/2014 00:00,,129,0
955,4,2,09/02/2014 00:00,,120,0.050000001
956,5,8,09/02/2014 00:00,,35,0
957,5,10,09/02/2014 00:00,,145,0
958,6,9,09/02/2014 00:00,,55,0
959,1,9,10/02/2014 00:00,,90,0
960,4,6,10/02/2014 00:00,,150,0
961,7,2,10/02/2014 00:00,,35,0
962,1,7,11/02/2014 00:00,,31,0
963,2,4,11/02/2014 00:00,,46,0
964,1,6,12/02/2014 00:00,,31,0
965,1,8,12/02/2014 00:00,,92,0
966,4,1,12/02/2014 00:00,,62,0
967,6,2,12/02/2014 00:00,,61,0
968,6,2,13/02/2014 00:00,,83,0
969,7,3,13/02/2014 00:00,,87,0
970,7,4,14/02/2014 00:00,,62,0
971,1,1,16/02/2014 00:00,,41,0
972,2,1,16/02/2014 00:00,,114,0
973,1,3,17/02/2014 00:00,,71,0.100000001
974,1,6,17/02/2014 00:00,,29,0
975,2,2,17/02/2014 00:00,,53,0
976,5,10,18/02/2014 00:00,,86,0.100000001
977,2,3,19/02/2014 00:00,,134,0
978,5,2,19/02/2014 00:00,,122,0
979,6,3,19/02/2014 00:00,,78,0
980,2,3,20/02/2014 00:00,,146,0
981,4,3,20/02/2014 00:00,,85,0
982,2,7,21/02/2014 00:00,,68,0
983,1,8,22/02/2014 00:00,,89,0.050000001
984,5,9,22/02/2014 00:00,,139,0
985,3,3,24/02/2014 00:00,,68,0
986,3,7,24/02/2014 00:00,,118,0
987,4,4,24/02/2014 00:00,,143,0
988,7,6,25/02/2014 00:00,,34,0
989,7,1,26/02/2014 00:00,,133,0
990,3,7,28/02/2014 00:00,,135,0
991,5,2,28/02/2014 00:00,,99,0
992,3,5,02/03/2014 00:00,,149,0
993,4,5,02/03/2014 00:00,,92,0.050000001
994,1,4,04/03/2014 00:00,,71,0
995,1,7,05/03/2014 00:00,,31,0
996,4,1,05/03/2014 00:00,,121,0
997,1,5,08/03/2014 00:00,,121,0
998,6,6,11/03/2014 00:00,,60,0
999,6,5,14/03/2014 00:00,,48,0
1000,7,3,14/03/2014 00:00,,92,0
1001,1,1,15/03/2014 00:00,,133,0
1002,1,6,15/03/2014 00:00,,112,0.050000001
1003,1,10,15/03/2014 00:00,,59,0
1004,4,2,15/03/2014 00:00,,96,0
1005,4,5,15/03/2014 00:00,,73,0.050000001
1006,7,1,15/03/2014 00:00,,103,0
1007,2,7,18/03/2014 00:00,,135,0
1008,3,10,18/03/2014 00:00,,26,0
1009,4,5,18/03/2014 00:00,,52,0
1010,5,2,19/03/2014 00:00,,117,0
1011,5,6,19/03/2014 00:00,,118,0
1012,7,2,20/03/2014 00:00,,85,0.150000006
1013,2,5,21/03/2014 00:00,,28,0
1014,7,7,21/03/2014 00:00,,65,0
1015,1,3,23/03/2014 00:00,,120,0
1016,6,8,23/03/2014 00:00,,70,0
1017,7,8,23/03/2014 00:00,,146,0
1018,1,3,25/03/2014 00:00,,81,0
1019,6,10,25/03/2014 00:00,,132,0.100000001
1020,3,4,26/03/2014 00:00,,34,0
1021,7,4,26/03/2014 00:00,,48,0
1022,3,2,27/03/2014 00:00,,71,0.050000001
1023,6,1,27/03/2014 00:00,,117,0
1024,2,5,30/03/2014 00:00,,84,0
1025,5,1,30/03/2014 00:00,,135,0.100000001
1026,7,1,30/03/2014 00:00,,144,0
1027,6,4,31/03/2014 00:00,,116,0
1028,1,7,01/04/2014 00:00,,29,0.050000001
1029,5,6,01/04/2014 00:00,,43,0
1030,5,9,01/04/2014 00:00,,134,0
1031,2,1,02/04/2014 00:00,,125,0.100000001
1032,6,2,03/04/2014 00:00,,40,0
1033,7,3,03/04/2014 00:00,,144,0
1034,5,1,04/04/2014 00:00,,63,0.100000001
1035,7,8,04/04/2014 00:00,,85,0
1036,6,8,05/04/2014 00:00,,52,0
1037,6,6,06/04/2014 00:00,,38,0.050000001
1038,6,10,07/04/2014 00:00,,147,0
1039,7,9,07/04/2014 00:00,,33,0.050000001
1040,3,2,09/04/2014 00:00,,136,0
1041,3,7,09/04/2014 00:00,,146,0
1042,4,3,09/04/2014 00:00,,40,0
1043,7,9,12/04/2014 00:00,,35,0
1044,6,9,13/04/2014 00:00,,137,0.050000001
1045,2,7,15/04/2014 00:00,,78,0
1046,2,1,16/04/2014 00:00,,39,0
1047,5,3,18/04/2014 00:00,,91,0
1048,6,2,18/04/2014 00:00,,64,0
1049,2,1,19/04/2014 00:00,,146,0.100000001
1050,1,7,20/04/2014 00:00,,127,0
1051,3,10,20/04/2014 00:00,,105,0
1052,4,10,20/04/2014 00:00,,129,0
1053,1,4,22/04/2014 00:00,,121,0
1054,6,5,23/04/2014 00:00,,81,0
1055,4,1,24/04/2014 00:00,,138,0
1056,4,1,25/04/2014 00:00,,80,0
1057,5,9,25/04/2014 00:00,,89,0
1058,2,7,27/04/2014 00:00,,72,0
1059,1,1,28/04/2014 00:00,,62,0
1060,4,4,28/04/2014 00:00,,86,0.050000001
1061,4,9,29/04/2014 00:00,,67,0
1062,1,10,30/04/2014 00:00,,147,0
1063,1,6,02/05/2014 00:00,,124,0
1064,2,1,02/05/2014 00:00,,85,0.100000001
1065,4,2,02/05/2014 00:00,,106,0
1066,7,8,03/05/2014 00:00,,31,0
1067,2,5,05/05/2014 00:00,,97,0.150000006
1068,5,8,05/05/2014 00:00,,49,0
1069,2,4,07/05/2014 00:00,,122,0.100000001
1070,5,6,07/05/2014 00:00,,146,0.100000001
1071,5,9,08/05/2014 00:00,,109,0.100000001
1072,2,3,10/05/2014 00:00,,67,0
1073,4,4,10/05/2014 00:00,,149,0
1074,6,2,11/05/2014 00:00,,63,0
1075,6,6,11/05/2014 00:00,,100,0.050000001
1076,2,6,13/05/2014 00:00,,110,0
1077,7,1,13/05/2014 00:00,,79,0.050000001
1078,1,1,14/05/2014 00:00,,134,0.100000001
1079,1,4,14/05/2014 00:00,,98,0
1080,3,1,14/05/2014 00:00,,58,0.050000001
1081,3,7,14/05/2014 00:00,,48,0
1082,4,7,15/05/2014 00:00,,149,0.050000001
1083,1,4,17/05/2014 00:00,,25,0
1084,1,10,18/05/2014 00:00,,54,0.050000001
1085,3,8,20/05/2014 00:00,,102,0
1086,5,5,20/05/2014 00:00,,119,0
1087,1,5,22/05/2014 00:00,,40,0
1088,4,9,22/05/2014 00:00,,133,0.050000001
1089,6,4,22/05/2014 00:00,,133,0
1090,1,1,23/05/2014 00:00,,149,0
1091,2,5,23/05/2014 00:00,,54,0
1092,2,8,23/05/2014 00:00,,147,0.050000001
1093,6,2,24/05/2014 00:00,,121,0
1094,5,5,25/05/2014 00:00,,42,0
1095,6,10,25/05/2014 00:00,,91,0
1096,7,6,26/05/2014 00:00,,44,0
1097,6,5,27/05/2014 00:00,,142,0
1098,6,6,27/05/2014 00:00,,53,0
1099,2,2,28/05/2014 00:00,,148,0
1100,2,2,29/05/2014 00:00,,126,0
1101,2,4,30/05/2014 00:00,,106,0
1102,2,10,30/05/2014 00:00,,143,0
1103,1,2,31/05/2014 00:00,,91,0
1104,3,4,31/05/2014 00:00,,44,0
1105,4,6,01/06/2014 00:00,,50,0
1106,5,7,01/06/2014 00:00,,71,0
1107,3,6,02/06/2014 00:00,,92,0
1108,7,6,03/06/2014 00:00,,29,0
1109,3,4,04/06/2014 00:00,,139,0
1110,3,8,04/06/2014 00:00,,71,0
1111,6,10,04/06/2014 00:00,,113,0
1112,6,1,05/06/2014 00:00,,116,0.050000001
1113,3,8,06/06/2014 00:00,,124,0
1114,2,4,08/06/2014 00:00,,96,0
1115,4,10,09/06/2014 00:00,,147,0.050000001
1116,1,7,10/06/2014 00:00,,142,0
1117,6,1,10/06/2014 00:00,,77,0
1118,3,2,11/06/2014 00:00,,58,0
1119,2,10,13/06/2014 00:00,,115,0
1120,2,9,14/06/2014 00:00,,56,0
1121,4,8,15/06/2014 00:00,,34,0.050000001
1122,4,1,16/06/2014 00:00,,105,0
1123,7,4,16/06/2014 00:00,,30,0.150000006
1124,1,1,19/06/2014 00:00,,88,0
1125,2,3,19/06/2014 00:00,,64,0
1126,6,4,20/06/2014 00:00,,142,0.100000001
1127,7,2,20/06/2014 00:00,,116,0
1128,2,3,21/06/2014 00:00,,53,0
1129,5,8,21/06/2014 00:00,,137,0
1130,5,9,21/06/2014 00:00,,26,0
1131,5,10,22/06/2014 00:00,,33,0
1132,7,6,23/06/2014 00:00,,139,0
1133,4,7,24/06/2014 00:00,,83,0
1134,3,10,25/06/2014 00:00,,80,0
1135,7,8,25/06/2014 00:00,,83,0
1136,3,5,26/06/2014 00:00,,99,0
1137,1,7,27/06/2014 00:00,,46,0
1138,3,4,27/06/2014 00:00,,107,0
1139,3,5,27/06/2014 00:00,,35,0
1140,5,7,27/06/2014 00:00,,126,0.100000001
1141,7,4,27/06/2014 00:00,,128,0
1142,7,2,28/06/2014 00:00,,128,0
1143,6,8,30/06/2014 00:00,,55,0
1144,4,3,01/07/2014 00:00,,127,0
1145,3,5,02/07/2014 00:00,,133,0
1146,7,8,02/07/2014 00:00,,80,0
1147,4,8,03/07/2014 00:00,,27,0.100000001
1148,3,1,04/07/2014 00:00,,40,0
1149,1,6,06/07/2014 00:00,,100,0
1150,2,8,06/07/2014 00:00,,135,0
1151,6,9,06/07/2014 00:00,,113,0
1152,4,6,07/07/2014 00:00,,64,0.050000001
1153,7,10,07/07/2014 00:00,,67,0
1154,2,6,08/07/2014 00:00,,127,0.150000006
1155,4,2,08/07/2014 00:00,,79,0
1156,4,9,08/07/2014 00:00,,108,0
1157,5,8,08/07/2014 00:00,,76,0
1158,2,1,09/07/2014 00:00,,132,0
1159,7,6,09/07/2014 00:00,,126,0
1160,2,7,11/07/2014 00:00,,86,0
1161,3,4,11/07/2014 00:00,,146,0
1162,3,7,11/07/2014 00:00,,113,0
1163,4,3,11/07/2014 00:00,,57,0
1164,4,8,11/07/2014 00:00,,126,0
1165,5,1,11/07/2014 00:00,,66,0
1166,4,2,12/07/2014 00:00,,27,0
1167,1,4,13/07/2014 00:00,,43,0
1168,3,1,13/07/2014 00:00,,95,0
1169,6,2,13/07/2014 00:00,,102,0.050000001
1170,7,5,13/07/2014 00:00,,95,0.100000001
1171,6,5,14/07/2014 00:00,,70,0
1172,3,5,15/07/2014 00:00,,83,0
1173,5,9,15/07/2014 00:00,,144,0
1174,7,5,15/07/2014 00:00,,43,0
1175,1,1,16/07/2014 00:00,,138,0
1176,1,6,16/07/2014 00:00,,55,0
1177,2,10,16/07/2014 00:00,,113,0
1178,6,5,18/07/2014 00:00,,127,0
1179,3,6,19/07/2014 00:00,,40,0
1180,6,9,19/07/2014 00:00,,27,0
1181,1,10,20/07/2014 00:00,,88,0.050000001
1182,1,4,21/07/2014 00:00,,37,0.100000001
1183,6,9,21/07/2014 00:00,,28,0
1184,7,7,21/07/2014 00:00,,45,0
1185,6,7,22/07/2014 00:00,,46,0
1186,3,3,23/07/2014 00:00,,147,0.050000001
1187,7,3,24/07/2014 00:00,,104,0
1188,4,7,25/07/2014 00:00,,61,0
1189,4,9,25/07/2014 00:00,,68,0.100000001
1190,1,3,27/07/2014 00:00,,49,0.050000001
1191,2,8,27/07/2014 00:00,,108,0.050000001
1192,3,5,27/07/2014 00:00,,134,0
1193,3,7,27/07/2014 00:00,,83,0
1194,4,8,27/07/2014 00:00,,53,0.100000001
1195,7,4,27/07/2014 00:00,,123,0
1196,2,10,28/07/2014 00:00,,99,0
1197,7,2,28/07/2014 00:00,,101,0
1198,2,2,29/07/2014 00:00,,39,0
1199,1,4,30/07/2014 00:00,,64,0
1200,3,9,31/07/2014 00:00,,137,0
1201,6,2,31/07/2014 00:00,,53,0
1202,6,4,01/08/2014 00:00,,106,0
1203,1,8,02/08/2014 00:00,,135,0
1204,3,4,02/08/2014 00:00,,148,0
1205,2,10,03/08/2014 00:00,,136,0
1206,3,9,03/08/2014 00:00,,42,0.050000001
1207,4,5,03/08/2014 00:00,,144,0
1208,5,6,03/08/2014 00:00,,146,0.050000001
1209,3,10,04/08/2014 00:00,,60,0
1210,4,2,04/08/2014 00:00,,104,0
1211,2,2,06/08/2014 00:00,,77,0
1212,3,5,06/08/2014 00:00,,124,0.050000001
1213,4,3,06/08/2014 00:00,,31,0
1214,6,1,06/08/2014 00:00,,30,0
1215,2,2,07/08/2014 00:00,,147,0
1216,1,10,08/08/2014 00:00,,39,0
1217,5,4,08/08/2014 00:00,,76,0
1218,3,2,10/08/2014 00:00,,53,0
1219,2,5,11/08/2014 00:00,,93,0
1220,2,6,12/08/2014 00:00,,92,0
1221,7,10,14/08/2014 00:00,,121,0
1222,2,4,18/08/2014 00:00,,58,0
1223,5,10,18/08/2014 00:00,,112,0
1224,1,1,20/08/2014 00:00,,86,0
1225,7,1,20/08/2014 00:00,,121,0
1226,1,3,22/08/2014 00:00,,46,0
1227,3,9,22/08/2014 00:00,,94,0
1228,2,4,23/08/2014 00:00,,70,0
1229,2,10,23/08/2014 00:00,,65,0
1230,2,1,24/08/2014 00:00,,79,0.050000001
1231,3,10,24/08/2014 00:00,,66,0
1232,6,1,25/08/2014 00:00,,58,0
1233,6,9,25/08/2014 00:00,,34,0.100000001
1234,7,1,25/08/2014 00:00,,98,0
1235,3,1,26/08/2014 00:00,,52,0
1236,3,4,26/08/2014 00:00,,39,0
1237,5,2,27/08/2014 00:00,,125,0
1238,3,6,28/08/2014 00:00,,81,0
1239,2,6,29/08/2014 00:00,,98,0
1240,6,8,29/08/2014 00:00,,94,0
1241,6,2,01/09/2014 00:00,,109,0
1242,7,1,02/09/2014 00:00,,86,0
1243,4,4,03/09/2014 00:00,,140,0
1244,7,5,03/09/2014 00:00,,119,0
1245,2,10,04/09/2014 00:00,,71,0
1246,4,9,04/09/2014 00:00,,31,0
1247,5,2,06/09/2014 00:00,,77,0
1248,7,3,06/09/2014 00:00,,38,0
1249,7,4,06/09/2014 00:00,,101,0
1250,7,5,06/09/2014 00:00,,54,0.050000001
1251,7,9,08/09/2014 00:00,,97,0
1252,4,6,09/09/2014 00:00,,92,0
1253,5,3,09/09/2014 00:00,,95,0
1254,2,4,10/09/2014 00:00,,124,0
1255,3,1,11/09/2014 00:00,,50,0
1256,3,3,11/09/2014 00:00,,95,0.050000001
1257,1,3,12/09/2014 00:00,,83,0
1258,3,10,12/09/2014 00:00,,59,0
1259,5,4,12/09/2014 00:00,,64,0
1260,1,1,13/09/2014 00:00,,49,0
1261,5,9,13/09/2014 00:00,,130,0.050000001
1262,1,3,16/09/2014 00:00,,80,0
1263,5,8,16/09/2014 00:00,,72,0
1264,5,2,17/09/2014 00:00,,57,0
1265,6,6,17/09/2014 00:00,,91,0
1266,2,8,18/09/2014 00:00,,133,0
1267,2,2,19/09/2014 00:00,,126,0.050000001
1268,3,3,20/09/2014 00:00,,103,0
1269,3,8,20/09/2014 00:00,,140,0
1270,6,10,21/09/2014 00:00,,86,0
1271,2,3,22/09/2014 00:00,,79,0
1272,4,9,22/09/2014 00:00,,46,0.100000001
1273,4,3,23/09/2014 00:00,,61,0
1274,2,6,24/09/2014 00:00,,78,0
1275,4,9,24/09/2014 00:00,,79,0
1276,5,8,24/09/2014 00:00,,33,0.100000001
1277,2,6,26/09/2014 00:00,,36,0.100000001
1278,6,7,26/09/2014 00:00,,95,0
1279,6,10,26/09/2014 00:00,,66,0
1280,2,7,30/09/2014 00:00,,62,0
1281,5,1,30/09/2014 00:00,,73,0.150000006
1282,3,6,01/10/2014 00:00,,139,0.100000001
1283,3,10,01/10/2014 00:00,,71,0
1284,4,3,02/10/2014 00:00,,83,0
1285,2,4,03/10/2014 00:00,,76,0
1286,2,8,03/10/2014 00:00,,145,0
1287,4,7,03/10/2014 00:00,,63,0
1288,7,1,03/10/2014 00:00,,112,0.050000001
1289,1,8,05/10/2014 00:00,,90,0
1290,2,4,05/10/2014 00:00,,81,0
1291,7,7,05/10/2014 00:00,,68,0
1292,1,1,06/10/2014 00:00,,65,0
1293,1,4,06/10/2014 00:00,,30,0
1294,1,6,06/10/2014 00:00,,107,0
1295,2,4,07/10/2014 00:00,,87,0
1296,5,3,07/10/2014 00:00,,130,0
1297,6,8,07/10/2014 00:00,,89,0.050000001
1298,2,8,08/10/2014 00:00,,116,0.050000001
1299,5,8,08/10/2014 00:00,,105,0
1300,1,8,09/10/2014 00:00,,74,0
1301,4,6,09/10/2014 00:00,,149,0.150000006
1302,4,10,09/10/2014 00:00,,27,0
1303,7,2,10/10/2014 00:00,,36,0
1304,1,10,11/10/2014 00:00,,91,0
1305,3,5,12/10/2014 00:00,,129,0
1306,4,9,12/10/2014 00:00,,50,0
1307,3,9,14/10/2014 00:00,,38,0
1308,2,9,16/10/2014 00:00,,141,0
1309,7,10,18/10/2014 00:00,,74,0
1310,5,1,19/10/2014 00:00,,125,0.100000001
1311,3,7,20/10/2014 00:00,,36,0
1312,4,5,21/10/2014 00:00,,101,0.100000001
1313,3,7,22/10/2014 00:00,,148,0.100000001
1314,1,3,23/10/2014 00:00,,39,0
1315,3,10,26/10/2014 00:00,,43,0
1316,3,5,27/10/2014 00:00,,83,0
1317,7,5,27/10/2014 00:00,,48,0
1318,7,7,27/10/2014 00:00,,27,0
1319,1,7,28/10/2014 00:00,,94,0
1320,3,8,28/10/2014 00:00,,113,0
1321,7,2,28/10/2014 00:00,,36,0.050000001
1322,4,4,29/10/2014 00:00,,122,0
1323,6,4,29/10/2014 00:00,,42,0
1324,1,1,30/10/2014 00:00,,78,0
1325,1,10,01/11/2014 00:00,,116,0
1326,2,10,01/11/2014 00:00,,97,0
1327,3,2,01/11/2014 00:00,,108,0
1328,4,5,01/11/2014 00:00,,134,0
1329,1,9,03/11/2014 00:00,,101,0
1330,4,1,03/11/2014 00:00,,57,0
1331,4,8,03/11/2014 00:00,,58,0
1332,1,2,04/11/2014 00:00,,129,0
1333,6,6,05/11/2014 00:00,,147,0
1334,1,7,06/11/2014 00:00,,108,0
1335,2,2,06/11/2014 00:00,,90,0.050000001
1336,7,7,07/11/2014 00:00,,33,0
1337,6,10,08/11/2014 00:00,,29,0
1338,2,2,10/11/2014 00:00,,147,0
1339,6,5,10/11/2014 00:00,,68,0
1340,7,9,10/11/2014 00:00,,101,0.050000001
1341,2,3,11/11/2014 00:00,,143,0.150000006
1342,4,1,11/11/2014 00:00,,111,0.100000001
1343,5,10,11/11/2014 00:00,,118,0
1344,3,4,12/11/2014 00:00,,81,0
1345,7,10,12/11/2014 00:00,,31,0
1346,1,10,13/11/2014 00:00,,82,0
1347,7,4,14/11/2014 00:00,,95,0
1348,7,7,15/11/2014 00:00,,60,0
1349,5,5,16/11/2014 00:00,,28,0
1350,5,8,16/11/2014 00:00,,65,0.050000001
1351,3,10,17/11/2014 00:00,,126,0
1352,6,2,19/11/2014 00:00,,83,0
1353,4,1,20/11/2014 00:00,,62,0.050000001
1354,5,1,20/11/2014 00:00,,111,0
1355,1,5,25/11/2014 00:00,,142,0.150000006
1356,7,3,25/11/2014 00:00,,77,0
1357,7,5,25/11/2014 00:00,,36,0
1358,7,7,25/11/2014 00:00,,141,0
1359,2,7,27/11/2014 00:00,,101,0
1360,6,5,27/11/2014 00:00,,69,0
1361,3,10,29/11/2014 00:00,,89,0
1362,2,9,30/11/2014 00:00,,131,0
1363,1,9,01/12/2014 00:00,,61,0
1364,1,7,02/12/2014 00:00,,67,0
1365,6,9,02/12/2014 00:00,,76,0
1366,1,1,03/12/2014 00:00,,33,0
1367,4,3,04/12/2014 00:00,,37,0
1368,2,1,05/12/2014 00:00,,115,0.050000001
1369,5,4,05/12/2014 00:00,,41,0
1370,7,7,05/12/2014 00:00,,39,0
1371,2,3,06/12/2014 00:00,,122,0
1372,4,4,07/12/2014 00:00,,108,0
1373,6,10,07/12/2014 00:00,,36,0
1374,2,5,08/12/2014 00:00,,125,0
1375,4,4,08/12/2014 00:00,,133,0
1376,4,2,09/12/2014 00:00,,143,0
1377,5,1,13/12/2014 00:00,,65,0
1378,2,7,14/12/2014 00:00,,107,0
1379,6,4,14/12/2014 00:00,,106,0
1380,3,4,19/12/2014 00:00,,73,0.050000001
1381,1,2,21/12/2014 00:00,,34,0
1382,3,2,21/12/2014 00:00,,50,0
1383,2,1,22/12/2014 00:00,,77,0
1384,3,6,24/12/2014 00:00,,114,0
1385,4,2,24/12/2014 00:00,,48,0.050000001
1386,7,3,26/12/2014 00:00,,43,0.150000006
1387,7,8,26/12/2014 00:00,,137,0
1388,2,5,28/12/2014 00:00,,102,0
1389,2,7,29/12/2014 00:00,,73,0
1390,5,9,29/12/2014 00:00,,58,0
1391,6,6,29/12/2014 00:00,,91,0
1392,2,3,31/12/2014 00:00,,104,0
1393,2,4,31/12/2014 00:00,,130,0
1394,5,6,31/12/2014 00:00,,69,0.100000001
1395,7,2,31/12/2014 00:00,,91,0
1396,2,1,01/01/2015 00:00,,86,0
1397,7,8,01/01/2015 00:00,,101,0
1398,4,6,02/01/2015 00:00,,75,0.100000001
1399,1,6,05/01/2015 00:00,,110,0
1400,3,1,05/01/2015 00:00,,42,0
1401,7,9,05/01/2015 00:00,,110,0
1402,4,1,07/01/2015 00:00,,53,0
1403,1,1,09/01/2015 00:00,,94,0
1404,1,5,12/01/2015 00:00,,118,0
1405,3,3,12/01/2015 00:00,,34,0.050000001
1406,5,10,14/01/2015 00:00,,107,0
1407,6,2,14/01/2015 00:00,,89,0
1408,4,4,15/01/2015 00:00,,33,0
1409,1,10,16/01/2015 00:00,,109,0
1410,2,2,17/01/2015 00:00,,72,0
1411,1,3,18/01/2015 00:00,,97,0
1412,1,6,18/01/2015 00:00,,112,0
1413,4,9,20/01/2015 00:00,,105,0
1414,6,4,20/01/2015 00:00,,134,0
1415,6,10,20/01/2015 00:00,,30,0
1416,6,1,21/01/2015 00:00,,142,0.050000001
1417,7,1,21/01/2015 00:00,,30,0
1418,7,10,22/01/2015 00:00,,136,0
1419,7,7,23/01/2015 00:00,,113,0.050000001
1420,7,10,23/01/2015 00:00,,60,0
1421,7,4,24/01/2015 00:00,,144,0
1422,6,7,26/01/2015 00:00,,78,0
1423,7,9,26/01/2015 00:00,,85,0
1424,1,9,27/01/2015 00:00,,106,0
1425,3,1,27/01/2015 00:00,,78,0
1426,4,10,27/01/2015 00:00,,118,0
1427,1,1,29/01/2015 00:00,,131,0
1428,5,1,29/01/2015 00:00,,138,0
1429,1,5,31/01/2015 00:00,,109,0
1430,3,2,31/01/2015 00:00,,114,0
1431,3,2,01/02/2015 00:00,,71,0
1432,4,6,01/02/2015 00:00,,52,0.150000006
1433,4,7,01/02/2015 00:00,,28,0
1434,2,1,03/02/2015 00:00,,87,0.050000001
1435,2,5,04/02/2015 00:00,,52,0.150000006
1436,4,6,04/02/2015 00:00,,112,0
1437,6,2,04/02/2015 00:00,,63,0.100000001
1438,2,7,05/02/2015 00:00,,149,0
1439,3,2,05/02/2015 00:00,,54,0
1440,1,5,06/02/2015 00:00,,46,0.100000001
1441,2,5,06/02/2015 00:00,,116,0.100000001
1442,5,1,06/02/2015 00:00,,44,0
1443,2,1,07/02/2015 00:00,,42,0
1444,6,8,08/02/2015 00:00,,137,0
1445,6,5,09/02/2015 00:00,,104,0
1446,4,6,10/02/2015 00:00,,98,0
1447,5,5,11/02/2015 00:00,,134,0
1448,3,2,12/02/2015 00:00,,93,0
1449,5,3,12/02/2015 00:00,,135,0
1450,7,6,12/02/2015 00:00,,47,0
1451,3,2,13/02/2015 00:00,,60,0
1452,2,10,14/02/2015 00:00,,148,0.100000001
1453,5,9,14/02/2015 00:00,,131,0
1454,3,3,15/02/2015 00:00,,148,0.050000001
1455,5,10,15/02/2015 00:00,,66,0.100000001
1456,1,10,16/02/2015 00:00,,81,0.150000006
1457,1,2,17/02/2015 00:00,,92,0
1458,5,7,17/02/2015 00:00,,41,0
1459,3,6,18/02/2015 00:00,,142,0
1460,5,2,19/02/2015 00:00,,82,0
1461,5,7,20/02/2015 00:00,,40,0
1462,7,5,20/02/2015 00:00,,94,0
1463,4,8,23/02/2015 00:00,,144,0.050000001
1464,5,8,23/02/2015 00:00,,66,0.100000001
1465,6,3,23/02/2015 00:00,,76,0.050000001
1466,6,10,24/02/2015 00:00,,137,0
1467,3,10,25/02/2015 00:00,,65,0
1468,5,4,27/02/2015 00:00,,129,0
1469,6,2,28/02/2015 00:00,,149,0
1470,1,9,02/03/2015 00:00,,76,0
1471,4,1,02/03/2015 00:00,,71,0
1472,7,2,03/03/2015 00:00,,57,0.050000001
1473,3,9,04/03/2015 00:00,,103,0
1474,4,1,04/03/2015 00:00,,90,0
1475,4,4,05/03/2015 00:00,,70,0.050000001
1476,4,5,06/03/2015 00:00,,72,0
1477,1,9,11/03/2015 00:00,,67,0
1478,3,8,11/03/2015 00:00,,43,0
1479,7,3,11/03/2015 00:00,,124,0
1480,2,4,12/03/2015 00:00,,106,0
1481,3,5,12/03/2015 00:00,,120,0
1482,3,6,12/03/2015 00:00,,38,0
1483,5,3,15/03/2015 00:00,,144,0
1484,4,3,16/03/2015 00:00,,130,0
1485,1,2,17/03/2015 00:00,,26,0
1486,4,5,17/03/2015 00:00,,55,0
1487,4,8,17/03/2015 00:00,,58,0.150000006
1488,5,3,17/03/2015 00:00,,30,0.150000006
1489,2,5,18/03/2015 00:00,,99,0
1490,1,4,20/03/2015 00:00,,148,0
1491,5,4,20/03/2015 00:00,,72,0
1492,4,4,21/03/2015 00:00,,137,0
1493,1,1,23/03/2015 00:00,,89,0
1494,5,9,23/03/2015 00:00,,133,0
1495,7,5,23/03/2015 00:00,,68,0.050000001
1496,4,9,25/03/2015 00:00,,55,0
1497,6,5,28/03/2015 00:00,,67,0
1498,7,6,28/03/2015 00:00,,148,0
1499,6,8,29/03/2015 00:00,,119,0
1500,3,8,30/03/2015 00:00,,97,0
1501,1,3,31/03/2015 00:00,,46,0.050000001
1502,3,2,31/03/2015 00:00,,135,0
1503,4,7,31/03/2015 00:00,,91,0
1504,4,9,31/03/2015 00:00,,38,0
1505,5,7,31/03/2015 00:00,,72,0
1506,3,5,01/04/2015 00:00,,42,0
1507,5,2,01/04/2015 00:00,,65,0.100000001
1508,2,9,02/04/2015 00:00,,142,0.050000001
1509,2,7,05/04/2015 00:00,,40,0
1510,7,8,07/04/2015 00:00,,118,0
1511,7,6,08/04/2015 00:00,,41,0
1512,1,4,09/04/2015 00:00,,105,0
1513,2,7,10/04/2015 00:00,,75,0.050000001
1514,1,3,12/04/2015 00:00,,145,0.100000001
1515,5,6,13/04/2015 00:00,,83,0
1516,2,1,14/04/2015 00:00,,70,0
1517,2,3,14/04/2015 00:00,,119,0
1518,5,4,14/04/2015 00:00,,51,0
1519,5,6,14/04/2015 00:00,,114,0
1520,4,1,15/04/2015 00:00,,81,0
1521,3,8,18/04/2015 00:00,,75,0
1522,6,3,19/04/2015 00:00,,46,0
1523,6,7,19/04/2015 00:00,,51,0
1524,1,3,21/04/2015 00:00,,121,0.100000001
1525,1,8,21/04/2015 00:00,,90,0
1526,2,4,23/04/2015 00:00,,109,0
1527,3,6,23/04/2015 00:00,,100,0
1528,1,9,24/04/2015 00:00,,140,0
1529,7,9,24/04/2015 00:00,,139,0
1530,2,4,25/04/2015 00:00,,95,0
1531,1,5,26/04/2015 00:00,,48,0
1532,3,5,26/04/2015 00:00,,45,0
1533,7,1,26/04/2015 00:00,,116,0.100000001
1534,4,3,27/04/2015 00:00,,25,0
1535,7,2,28/04/2015 00:00,,65,0
1536,3,6,29/04/2015 00:00,,93,0
1537,6,2,29/04/2015 00:00,,46,0.050000001
1538,7,2,29/04/2015 00:00,,58,0
1539,1,8,30/04/2015 00:00,,101,0
1540,7,5,30/04/2015 00:00,,89,0
1541,6,10,03/05/2015 00:00,,67,0
1542,6,7,05/05/2015 00:00,,98,0
1543,1,4,07/05/2015 00:00,,29,0
1544,3,2,07/05/2015 00:00,,127,0
1545,6,2,09/05/2015 00:00,,113,0
1546,7,3,09/05/2015 00:00,,76,0
1547,1,9,10/05/2015 00:00,,137,0.050000001
1548,7,9,11/05/2015 00:00,,93,0
1549,7,1,15/05/2015 00:00,,92,0.150000006
1550,7,7,15/05/2015 00:00,,62,0
1551,1,10,16/05/2015 00:00,,96,0
1552,7,8,16/05/2015 00:00,,133,0
1553,1,4,17/05/2015 00:00,,106,0
1554,3,3,19/05/2015 00:00,,106,0
1555,4,3,19/05/2015 00:00,,129,0
1556,7,3,19/05/2015 00:00,,130,0.050000001
1557,2,7,20/05/2015 00:00,,26,0
1558,3,6,20/05/2015 00:00,,28,0.100000001
1559,6,1,20/05/2015 00:00,,139,0
1560,6,5,20/05/2015 00:00,,66,0.050000001
1561,6,5,21/05/2015 00:00,,68,0
1562,5,1,23/05/2015 00:00,,83,0.050000001
1563,5,5,23/05/2015 00:00,,57,0.100000001
1564,4,4,24/05/2015 00:00,,144,0.050000001
1565,2,3,25/05/2015 00:00,,43,0
1566,7,4,25/05/2015 00:00,,93,0
1567,5,10,27/05/2015 00:00,,56,0
1568,5,10,28/05/2015 00:00,,122,0.100000001
1569,6,8,28/05/2015 00:00,,94,0.050000001
1570,3,6,29/05/2015 00:00,,83,0
1571,5,3,30/05/2015 00:00,,75,0
1572,2,10,01/06/2015 00:00,,145,0
1573,5,8,02/06/2015 00:00,,104,0
1574,2,9,04/06/2015 00:00,,122,0
1575,3,10,04/06/2015 00:00,,38,0.150000006
1576,2,6,06/06/2015 00:00,,94,0
1577,5,1,07/06/2015 00:00,,125,0
1578,1,7,08/06/2015 00:00,,68,0
1579,3,4,08/06/2015 00:00,,67,0
1580,6,5,08/06/2015 00:00,,66,0.100000001
1581,6,8,08/06/2015 00:00,,109,0
1582,3,3,09/06/2015 00:00,,42,0.100000001
1583,6,8,11/06/2015 00:00,,118,0.100000001
1584,3,2,13/06/2015 00:00,,78,0
1585,4,3,13/06/2015 00:00,,133,0
1586,7,5,13/06/2015 00:00,,85,0.050000001
1587,7,2,16/06/2015 00:00,,128,0
1588,3,5,18/06/2015 00:00,,46,0
1589,1,10,19/06/2015 00:00,,48,0.050000001
1590,2,10,19/06/2015 00:00,,60,0.100000001
1591,4,6,19/06/2015 00:00,,55,0
1592,4,10,19/06/2015 00:00,,116,0.050000001
1593,2,3,20/06/2015 00:00,,127,0.150000006
1594,5,5,21/06/2015 00:00,,28,0.050000001
1595,2,3,22/06/2015 00:00,,101,0
1596,2,9,22/06/2015 00:00,,63,0.050000001
1597,4,7,23/06/2015 00:00,,108,0
1598,6,4,24/06/2015 00:00,,122,0
1599,5,8,25/06/2015 00:00,,95,0.050000001
1600,7,3,25/06/2015 00:00,,145,0
1601,2,4,27/06/2015 00:00,,113,0
1602,3,3,28/06/2015 00:00,,44,0
1603,3,7,29/06/2015 00:00,,98,0.050000001
1604,2,7,30/06/2015 00:00,,52,0
1605,7,5,30/06/2015 00:00,,90,0
1606,7,8,30/06/2015 00:00,,70,0
1607,1,2,01/07/2015 00:00,,33,0
1608,6,10,01/07/2015 00:00,,46,0
1609,7,1,02/07/2015 00:00,,134,0
1610,3,8,04/07/2015 00:00,,145,0
1611,7,1,04/07/2015 00:00,,121,0
1612,3,8,05/07/2015 00:00,,121,0.100000001
1613,3,5,06/07/2015 00:00,,62,0
1614,3,9,06/07/2015 00:00,,58,0.050000001
1615,2,8,07/07/2015 00:00,,96,0
1616,4,9,07/07/2015 00:00,,28,0.100000001
1617,5,1,08/07/2015 00:00,,123,0
1618,6,2,08/07/2015 00:00,,90,0
1619,1,2,09/07/2015 00:00,,62,0
1620,4,2,09/07/2015 00:00,,41,0
1621,4,10,10/07/2015 00:00,,37,0
1622,4,4,11/07/2015 00:00,,37,0
1623,7,6,13/07/2015 00:00,,114,0
1624,7,7,13/07/2015 00:00,,48,0.050000001
1625,3,9,15/07/2015 00:00,,135,0
1626,4,3,15/07/2015 00:00,,137,0
1627,5,6,18/07/2015 00:00,,69,0.050000001
1628,2,3,19/07/2015 00:00,,124,0
1629,4,8,22/07/2015 00:00,,67,0
1630,7,7,22/07/2015 00:00,,120,0.150000006
1631,3,6,23/07/2015 00:00,,146,0
1632,1,10,24/07/2015 00:00,,43,0.100000001
1633,3,4,24/07/2015 00:00,,73,0
1634,4,4,24/07/2015 00:00,,74,0
1635,5,7,24/07/2015 00:00,,30,0
1636,2,6,25/07/2015 00:00,,124,0
1637,3,4,25/07/2015 00:00,,134,0
1638,7,5,27/07/2015 00:00,,122,0.100000001
1639,1,4,30/07/2015 00:00,,94,0
1640,6,9,31/07/2015 00:00,,114,0
1641,1,5,02/08/2015 00:00,,67,0
1642,4,1,03/08/2015 00:00,,147,0.150000006
1643,4,10,03/08/2015 00:00,,103,0
1644,3,9,07/08/2015 00:00,,130,0
1645,5,8,07/08/2015 00:00,,128,0
1646,2,1,08/08/2015 00:00,,35,0
1647,6,9,08/08/2015 00:00,,139,0
1648,2,7,09/08/2015 00:00,,100,0
1649,6,6,11/08/2015 00:00,,118,0
1650,2,8,12/08/2015 00:00,,79,0
1651,4,5,13/08/2015 00:00,,100,0
1652,6,9,13/08/2015 00:00,,77,0.100000001
1653,1,4,14/08/2015 00:00,,105,0
1654,4,6,14/08/2015 00:00,,69,0
1655,7,9,14/08/2015 00:00,,64,0
1656,4,7,15/08/2015 00:00,,125,0
1657,5,4,15/08/2015 00:00,,88,0
1658,7,9,15/08/2015 00:00,,83,0
1659,2,8,16/08/2015 00:00,,95,0
1660,4,3,16/08/2015 00:00,,113,0
1661,5,9,16/08/2015 00:00,,68,0.100000001
1662,7,1,16/08/2015 00:00,,47,0
1663,1,2,17/08/2015 00:00,,72,0
1664,3,10,17/08/2015 00:00,,45,0
1665,5,8,19/08/2015 00:00,,45,0.050000001
1666,6,10,20/08/2015 00:00,,133,0
1667,5,1,22/08/2015 00:00,,56,0
1668,5,4,22/08/2015 00:00,,67,0
1669,3,8,23/08/2015 00:00,,63,0.150000006
1670,1,7,24/08/2015 00:00,,122,0
1671,3,2,24/08/2015 00:00,,112,0
1672,4,9,24/08/2015 00:00,,138,0
1673,3,8,25/08/2015 00:00,,101,0
1674,4,8,28/08/2015 00:00,,42,0
1675,5,7,29/08/2015 00:00,,119,0
1676,6,5,29/08/2015 00:00,,65,0
1677,5,2,01/09/2015 00:00,,125,0
1678,4,5,02/09/2015 00:00,,121,0
1679,5,6,02/09/2015 00:00,,32,0
1680,7,6,03/09/2015 00:00,,112,0
1681,1,9,05/09/2015 00:00,,90,0
1682,2,8,06/09/2015 00:00,,65,0.050000001
1683,4,9,07/09/2015 00:00,,147,0.050000001
1684,7,9,07/09/2015 00:00,,111,0.100000001
1685,1,9,08/09/2015 00:00,,53,0
1686,2,5,09/09/2015 00:00,,134,0
1687,6,3,09/09/2015 00:00,,55,0
1688,3,4,10/09/2015 00:00,,142,0
1689,2,10,12/09/2015 00:00,,108,0.050000001
1690,4,10,12/09/2015 00:00,,107,0
1691,7,3,12/09/2015 00:00,,54,0
1692,7,9,12/09/2015 00:00,,126,0
1693,2,8,13/09/2015 00:00,,94,0
1694,2,2,14/09/2015 00:00,,45,0
1695,7,7,14/09/2015 00:00,,148,0.100000001
1696,1,6,15/09/2015 00:00,,87,0
1697,1,1,16/09/2015 00:00,,136,0
1698,4,1,16/09/2015 00:00,,112,0
1699,7,5,16/09/2015 00:00,,58,0
1700,5,5,17/09/2015 00:00,,41,0
1701,5,8,17/09/2015 00:00,,74,0
1702,3,6,19/09/2015 00:00,,117,0
1703,4,5,20/09/2015 00:00,,109,0.100000001
1704,2,2,21/09/2015 00:00,,122,0
1705,4,3,21/09/2015 00:00,,122,0
1706,5,6,21/09/2015 00:00,,82,0
1707,1,2,22/09/2015 00:00,,145,0
1708,3,9,23/09/2015 00:00,,109,0.100000001
1709,1,10,25/09/2015 00:00,,93,0
1710,2,3,26/09/2015 00:00,,45,0
1711,3,10,26/09/2015 00:00,,105,0
1712,7,10,28/09/2015 00:00,,89,0
1713,4,7,01/10/2015 00:00,,65,0.100000001
1714,7,2,01/10/2015 00:00,,80,0
1715,2,6,02/10/2015 00:00,,74,0.100000001
1716,4,3,03/10/2015 00:00,,139,0
1717,3,8,05/10/2015 00:00,,58,0
1718,4,7,05/10/2015 00:00,,32,0
1719,5,3,05/10/2015 00:00,,116,0
1720,6,5,05/10/2015 00:00,,68,0
1721,4,8,06/10/2015 00:00,,53,0
1722,3,10,07/10/2015 00:00,,48,0
1723,5,10,07/10/2015 00:00,,81,0
1724,4,4,09/10/2015 00:00,,66,0.050000001
1725,5,2,09/10/2015 00:00,,56,0
1726,6,1,12/10/2015 00:00,,104,0
1727,7,9,12/10/2015 00:00,,93,0
1728,2,3,13/10/2015 00:00,,75,0
1729,5,9,14/10/2015 00:00,,133,0
1730,7,1,16/10/2015 00:00,,132,0
1731,6,4,17/10/2015 00:00,,70,0
1732,6,5,17/10/2015 00:00,,76,0
1733,4,9,18/10/2015 00:00,,117,0
1734,5,3,20/10/2015 00:00,,44,0.150000006
1735,2,9,21/10/2015 00:00,,57,0
1736,4,10,23/10/2015 00:00,,37,0
1737,5,10,23/10/2015 00:00,,150,0
1738,5,2,25/10/2015 00:00,,110,0
1739,7,9,26/10/2015 00:00,,89,0
1740,6,4,28/10/2015 00:00,,39,0
1741,6,9,28/10/2015 00:00,,57,0
1742,6,10,29/10/2015 00:00,,57,0.050000001
1743,3,8,30/10/2015 00:00,,67,0.100000001
1744,4,1,30/10/2015 00:00,,95,0.150000006
1745,7,9,30/10/2015 00:00,,119,0
1746,3,10,31/10/2015 00:00,,146,0
1747,7,10,02/11/2015 00:00,,127,0
1748,7,10,05/11/2015 00:00,,111,0
1749,2,1,06/11/2015 00:00,,139,0
1750,2,4,06/11/2015 00:00,,130,0
1751,3,7,06/11/2015 00:00,,134,0
1752,6,5,06/11/2015 00:00,,134,0.050000001
1753,7,5,06/11/2015 00:00,,119,0
1754,1,4,09/11/2015 00:00,,137,0
1755,1,10,09/11/2015 00:00,,111,0
1756,3,9,11/11/2015 00:00,,44,0
1757,5,4,11/11/2015 00:00,,80,0
1758,5,8,11/11/2015 00:00,,59,0
1759,1,4,14/11/2015 00:00,,66,0.050000001
1760,1,2,15/11/2015 00:00,,106,0
1761,2,3,15/11/2015 00:00,,144,0
1762,6,1,15/11/2015 00:00,,108,0
1763,2,8,18/11/2015 00:00,,84,0
1764,6,2,18/11/2015 00:00,,120,0
1765,6,5,18/11/2015 00:00,,117,0
1766,3,3,19/11/2015 00:00,,47,0
1767,4,2,19/11/2015 00:00,,41,0
1768,5,10,20/11/2015 00:00,,131,0
1769,6,3,21/11/2015 00:00,,117,0
1770,5,9,23/11/2015 00:00,,89,0
1771,2,2,24/11/2015 00:00,,142,0
1772,2,10,24/11/2015 00:00,,29,0
1773,6,7,24/11/2015 00:00,,119,0
1774,6,8,24/11/2015 00:00,,30,0.050000001
1775,2,2,25/11/2015 00:00,,63,0.150000006
1776,1,7,26/11/2015 00:00,,28,0
1777,3,9,26/11/2015 00:00,,74,0
1778,7,4,26/11/2015 00:00,,87,0
1779,3,10,27/11/2015 00:00,,75,0.050000001
1780,5,6,27/11/2015 00:00,,104,0
1781,5,1,29/11/2015 00:00,,114,0
1782,6,7,01/12/2015 00:00,,84,0.100000001
1783,7,8,01/12/2015 00:00,,55,0
1784,4,2,02/12/2015 00:00,,77,0
1785,5,2,04/12/2015 00:00,,51,0
1786,6,7,05/12/2015 00:00,,98,0.050000001
1787,3,4,07/12/2015 00:00,,65,0
1788,5,7,07/12/2015 00:00,,53,0
1789,1,5,08/12/2015 00:00,,48,0
1790,7,8,08/12/2015 00:00,,79,0
1791,4,4,10/12/2015 00:00,,101,0.050000001
1792,3,5,11/12/2015 00:00,,101,0
1793,7,9,11/12/2015 00:00,,49,0.100000001
1794,4,5,12/12/2015 00:00,,128,0
1795,4,8,12/12/2015 00:00,,148,0
1796,5,1,13/12/2015 00:00,,51,0
1797,3,3,15/12/2015 00:00,,89,0.100000001
1798,3,10,17/12/2015 00:00,,42,0
1799,7,5,18/12/2015 00:00,,75,0.050000001
1800,4,6,19/12/2015 00:00,,144,0
1801,5,6,19/12/2015 00:00,,106,0
1802,3,5,20/12/2015 00:00,,90,0.050000001
1803,5,2,20/12/2015 00:00,,101,0
1804,1,2,21/12/2015 00:00,,80,0
1805,2,1,21/12/2015 00:00,,57,0
1806,2,7,21/12/2015 00:00,,55,0
1807,2,10,21/12/2015 00:00,,111,0.050000001
1808,3,4,21/12/2015 00:00,,102,0
1809,5,3,21/12/2015 00:00,,83,0.050000001
1810,1,6,23/12/2015 00:00,,67,0
1811,4,6,24/12/2015 00:00,,70,0.050000001
1812,5,6,24/12/2015 00:00,,97,0
1813,7,4,26/12/2015 00:00,,66,0
1814,7,8,26/12/2015 00:00,,104,0
1815,3,10,28/12/2015 00:00,,49,0
1816,4,9,01/01/2016 00:00,,125,0
1817,6,4,03/01/2016 00:00,,122,0
1818,7,8,03/01/2016 00:00,,78,0.050000001
1819,1,1,04/01/2016 00:00,,27,0
1820,3,7,04/01/2016 00:00,,144,0
1821,4,7,04/01/2016 00:00,,29,0
1822,4,8,07/01/2016 00:00,,38,0.100000001
1823,5,2,07/01/2016 00:00,,69,0
1824,4,6,08/01/2016 00:00,,54,0
1825,3,9,09/01/2016 00:00,,65,0
1826,2,4,10/01/2016 00:00,,66,0
1827,4,2,10/01/2016 00:00,,67,0
1828,1,8,11/01/2016 00:00,,125,0
1829,1,7,12/01/2016 00:00,,148,0
1830,2,8,12/01/2016 00:00,,62,0
1831,3,6,12/01/2016 00:00,,31,0
1832,4,9,14/01/2016 00:00,,39,0.100000001
1833,7,4,14/01/2016 00:00,,117,0
1834,5,6,15/01/2016 00:00,,41,0.050000001
1835,7,5,15/01/2016 00:00,,128,0
1836,2,2,18/01/2016 00:00,,147,0
1837,4,3,19/01/2016 00:00,,143,0
1838,2,1,20/01/2016 00:00,,131,0
1839,3,1,20/01/2016 00:00,,33,0
1840,5,6,20/01/2016 00:00,,100,0
1841,2,10,22/01/2016 00:00,,33,0
1842,5,3,22/01/2016 00:00,,78,0
1843,5,10,22/01/2016 00:00,,120,0
1844,2,3,24/01/2016 00:00,,85,0
1845,7,8,24/01/2016 00:00,,114,0
1846,1,9,25/01/2016 00:00,,149,0
1847,2,8,25/01/2016 00:00,,98,0
1848,3,4,25/01/2016 00:00,,114,0
1849,4,4,26/01/2016 00:00,,77,0
1850,7,1,26/01/2016 00:00,,46,0
1851,1,1,27/01/2016 00:00,,68,0
1852,1,7,28/01/2016 00:00,,63,0
1853,3,5,28/01/2016 00:00,,78,0.050000001
1854,5,2,29/01/2016 00:00,,117,0.050000001
1855,6,1,29/01/2016 00:00,,84,0
1856,1,2,30/01/2016 00:00,,144,0
1857,4,6,30/01/2016 00:00,,112,0
1858,1,5,31/01/2016 00:00,,91,0
1859,2,2,31/01/2016 00:00,,50,0
1860,1,8,02/02/2016 00:00,,143,0
1861,6,10,02/02/2016 00:00,,64,0
1862,6,7,03/02/2016 00:00,,33,0
1863,4,2,05/02/2016 00:00,,38,0
1864,7,3,07/02/2016 00:00,,145,0
1865,6,3,08/02/2016 00:00,,123,0
1866,2,9,11/02/2016 00:00,,31,0.100000001
1867,5,2,11/02/2016 00:00,,144,0
1868,1,9,14/02/2016 00:00,,101,0
1869,2,7,14/02/2016 00:00,,105,0
1870,2,1,15/02/2016 00:00,,79,0
1871,7,10,15/02/2016 00:00,,62,0
1872,3,1,16/02/2016 00:00,,80,0
1873,3,3,18/02/2016 00:00,,29,0
1874,3,7,18/02/2016 00:00,,56,0
1875,5,4,18/02/2016 00:00,,122,0
1876,7,3,18/02/2016 00:00,,145,0
1877,3,1,19/02/2016 00:00,,49,0
1878,2,5,21/02/2016 00:00,,125,0
1879,3,9,22/02/2016 00:00,,150,0
1880,5,7,22/02/2016 00:00,,30,0
1881,6,8,22/02/2016 00:00,,120,0
1882,2,5,25/02/2016 00:00,,84,0.100000001
1883,3,1,28/02/2016 00:00,,106,0
1884,5,3,03/03/2016 00:00,,118,0
1885,7,8,03/03/2016 00:00,,53,0
1886,2,2,04/03/2016 00:00,,68,0
1887,2,10,04/03/2016 00:00,,37,0.150000006
1888,3,4,04/03/2016 00:00,,145,0
1889,3,10,04/03/2016 00:00,,46,0
1890,7,6,05/03/2016 00:00,,125,0
1891,4,3,08/03/2016 00:00,,48,0
1892,1,2,10/03/2016 00:00,,147,0
1893,1,10,10/03/2016 00:00,,137,0.050000001
1894,5,5,11/03/2016 00:00,,149,0.100000001
1895,6,1,11/03/2016 00:00,,57,0
1896,7,9,11/03/2016 00:00,,97,0
1897,2,1,12/03/2016 00:00,,41,0
1898,5,6,12/03/2016 00:00,,51,0
1899,5,7,14/03/2016 00:00,,36,0
1900,3,7,15/03/2016 00:00,,76,0
1901,4,4,15/03/2016 00:00,,56,0
1902,6,3,15/03/2016 00:00,,86,0.050000001
1903,7,5,15/03/2016 00:00,,103,0
1904,3,2,16/03/2016 00:00,,48,0.050000001
1905,3,4,17/03/2016 00:00,,67,0
1906,5,1,17/03/2016 00:00,,63,0
1907,7,1,17/03/2016 00:00,,119,0
1908,7,4,18/03/2016 00:00,,149,0
1909,1,2,21/03/2016 00:00,,112,0
1910,5,9,21/03/2016 00:00,,130,0.050000001
1911,2,10,24/03/2016 00:00,,136,0
1912,4,5,24/03/2016 00:00,,58,0
1913,1,2,25/03/2016 00:00,,132,0
1914,2,5,26/03/2016 00:00,,80,0
1915,4,5,26/03/2016 00:00,,113,0
1916,1,8,28/03/2016 00:00,,147,0
1917,4,6,29/03/2016 00:00,,101,0
1918,6,3,01/04/2016 00:00,,70,0
1919,7,5,01/04/2016 00:00,,53,0
1920,2,3,02/04/2016 00:00,,133,0
1921,2,6,02/04/2016 00:00,,28,0
1922,2,9,02/04/2016 00:00,,48,0
1923,3,5,02/04/2016 00:00,,45,0
1924,5,7,02/04/2016 00:00,,138,0
1925,7,3,03/04/2016 00:00,,37,0
1926,7,8,04/04/2016 00:00,,57,0
1927,1,4,07/04/2016 00:00,,112,0
1928,5,3,07/04/2016 00:00,,38,0
1929,1,3,08/04/2016 00:00,,142,0
1930,7,4,08/04/2016 00:00,,97,0.050000001
1931,2,10,09/04/2016 00:00,,74,0
1932,3,8,09/04/2016 00:00,,47,0
1933,1,8,10/04/2016 00:00,,42,0
1934,2,5,10/04/2016 00:00,,101,0
1935,2,9,10/04/2016 00:00,,57,0.100000001
1936,4,9,10/04/2016 00:00,,34,0.150000006
1937,5,2,10/04/2016 00:00,,36,0
1938,6,1,10/04/2016 00:00,,126,0
1939,3,2,11/04/2016 00:00,,131,0
1940,1,2,13/04/2016 00:00,,57,0
1941,3,6,14/04/2016 00:00,,111,0
1942,5,2,14/04/2016 00:00,,149,0.150000006
1943,6,8,14/04/2016 00:00,,28,0
1944,7,7,14/04/2016 00:00,,122,0
1945,6,3,16/04/2016 00:00,,113,0
1946,4,2,17/04/2016 00:00,,70,0
1947,4,6,17/04/2016 00:00,,45,0
1948,1,3,18/04/2016 00:00,,119,0
1949,6,7,20/04/2016 00:00,,88,0.050000001
1950,4,6,21/04/2016 00:00,,128,0
1951,6,1,21/04/2016 00:00,,49,0.100000001
1952,4,4,22/04/2016 00:00,,38,0
1953,5,4,22/04/2016 00:00,,72,0
1954,6,10,26/04/2016 00:00,,87,0.050000001
1955,3,10,27/04/2016 00:00,,65,0
1956,7,6,27/04/2016 00:00,,73,0.100000001
1957,7,4,28/04/2016 00:00,,123,0
1958,5,5,29/04/2016 00:00,,72,0.050000001
1959,6,2,29/04/2016 00:00,,28,0
1960,6,4,29/04/2016 00:00,,123,0
1961,1,5,30/04/2016 00:00,,75,0.100000001
1962,4,1,30/04/2016 00:00,,38,0.050000001
1963,3,9,01/05/2016 00:00,,143,0
1964,4,1,01/05/2016 00:00,,94,0
1965,5,8,01/05/2016 00:00,,84,0
1966,6,9,03/05/2016 00:00,,53,0
1967,4,2,04/05/2016 00:00,,56,0
1968,2,9,06/05/2016 00:00,,139,0
1969,6,6,06/05/2016 00:00,,39,0
1970,2,1,09/05/2016 00:00,,116,0
1971,4,5,09/05/2016 00:00,,133,0
1972,6,1,10/05/2016 00:00,,134,0
1973,6,6,10/05/2016 00:00,,78,0
1974,1,3,11/05/2016 00:00,,52,0
1975,5,6,11/05/2016 00:00,,60,0
1976,7,2,11/05/2016 00:00,,68,0
1977,6,6,12/05/2016 00:00,,149,0
1978,7,8,13/05/2016 00:00,,71,0
1979,5,8,14/05/2016 00:00,,132,0
1980,6,2,14/05/2016 00:00,,99,0
1981,7,10,14/05/2016 00:00,,91,0
1982,2,7,17/05/2016 00:00,,76,0
1983,5,9,18/05/2016 00:00,,44,0
1984,1,1,19/05/2016 00:00,,31,0.050000001
1985,5,7,20/05/2016 00:00,,77,0
1986,6,9,20/05/2016 00:00,,136,0
1987,5,3,22/05/2016 00:00,,104,0.050000001
1988,5,3,23/05/2016 00:00,,91,0
1989,3,7,24/05/2016 00:00,,89,0
1990,5,1,24/05/2016 00:00,,30,0
1991,1,7,25/05/2016 00:00,,138,0.100000001
1992,4,8,26/05/2016 00:00,,126,0
1993,3,8,28/05/2016 00:00,,106,0
1994,3,10,29/05/2016 00:00,,46,0.150000006
1995,5,2,30/05/2016 00:00,,91,0.100000001
1996,5,3,30/05/2016 00:00,,135,0
1997,5,7,30/05/2016 00:00,,133,0
1998,5,8,30/05/2016 00:00,,139,0
1999,6,7,01/06/2016 00:00,,47,0.100000001
2000,1,6,03/06/2016 00:00,,145,0
2001,2,8,03/06/2016 00:00,,113,0
2002,3,9,03/06/2016 00:00,,141,0
2003,6,8,03/06/2016 00:00,,81,0
2004,5,8,04/06/2016 00:00,,138,0.100000001
2005,1,9,05/06/2016 00:00,,34,0.050000001
2006,6,3,05/06/2016 00:00,,80,0
2007,2,5,06/06/2016 00:00,,117,0
2008,4,3,06/06/2016 00:00,,86,0
2009,1,9,07/06/2016 00:00,,126,0.150000006
2010,7,2,08/06/2016 00:00,,136,0
2011,7,8,08/06/2016 00:00,,110,0
2012,1,7,09/06/2016 00:00,,47,0
2013,4,2,09/06/2016 00:00,,118,0
2014,4,6,09/06/2016 00:00,,60,0
2015,7,1,09/06/2016 00:00,,127,0
2016,7,2,09/06/2016 00:00,,59,0
2017,7,10,10/06/2016 00:00,,134,0
2018,5,9,12/06/2016 00:00,,113,0
2019,7,6,12/06/2016 00:00,,119,0.050000001
2020,4,3,13/06/2016 00:00,,112,0.050000001
2021,5,10,15/06/2016 00:00,,98,0
2022,2,1,16/06/2016 00:00,,128,0
2023,3,10,17/06/2016 00:00,,102,0
2024,3,5,19/06/2016 00:00,,130,0
2025,1,7,20/06/2016 00:00,,148,0
2026,3,4,20/06/2016 00:00,,76,0
2027,5,9,20/06/2016 00:00,,39,0
2028,5,4,21/06/2016 00:00,,28,0
2029,7,5,21/06/2016 00:00,,132,0
2030,1,8,23/06/2016 00:00,,55,0
2031,5,3,23/06/2016 00:00,,30,0
2032,6,3,24/06/2016 00:00,,143,0
2033,2,5,25/06/2016 00:00,,102,0.100000001
2034,5,9,25/06/2016 00:00,,89,0
2035,1,9,27/06/2016 00:00,,45,0
2036,3,5,28/06/2016 00:00,,38,0
2037,3,10,28/06/2016 00:00,,95,0.050000001
2038,6,7,28/06/2016 00:00,,78,0.050000001
2039,4,6,29/06/2016 00:00,,109,0
2040,2,10,30/06/2016 00:00,,150,0
2041,2,3,01/07/2016 00:00,,74,0
2042,4,6,01/07/2016 00:00,,135,0.100000001
2043,4,10,01/07/2016 00:00,,72,0
2044,5,5,01/07/2016 00:00,,87,0
2045,6,4,02/07/2016 00:00,,122,0
2046,6,7,02/07/2016 00:00,,104,0
2047,2,3,03/07/2016 00:00,,137,0
2048,2,4,07/07/2016 00:00,,115,0
2049,3,3,07/07/2016 00:00,,108,0
2050,3,7,07/07/2016 00:00,,79,0
2051,4,10,07/07/2016 00:00,,66,0
2052,5,8,07/07/2016 00:00,,73,0
2053,2,1,08/07/2016 00:00,,55,0
2054,2,8,08/07/2016 00:00,,47,0
2055,5,4,09/07/2016 00:00,,143,0
2056,1,5,10/07/2016 00:00,,44,0
2057,7,5,10/07/2016 00:00,,70,0
2058,1,1,11/07/2016 00:00,,110,0
2059,1,6,11/07/2016 00:00,,34,0
2060,1,9,11/07/2016 00:00,,139,0
2061,6,4,11/07/2016 00:00,,147,0
2062,1,3,12/07/2016 00:00,,113,0.100000001
2063,1,1,15/07/2016 00:00,,96,0
2064,4,10,17/07/2016 00:00,,37,0.150000006
2065,6,6,21/07/2016 00:00,,113,0
2066,5,5,22/07/2016 00:00,,128,0.050000001
2067,1,5,23/07/2016 00:00,,133,0
2068,2,5,23/07/2016 00:00,,63,0
2069,4,3,23/07/2016 00:00,,93,0
2070,3,7,25/07/2016 00:00,,116,0
2071,7,4,25/07/2016 00:00,,34,0
2072,4,1,26/07/2016 00:00,,102,0
2073,7,2,26/07/2016 00:00,,76,0.100000001
2074,3,1,29/07/2016 00:00,,133,0.100000001
2075,3,7,29/07/2016 00:00,,114,0
2076,2,1,30/07/2016 00:00,,121,0.050000001
2077,7,5,31/07/2016 00:00,,75,0
2078,3,2,01/08/2016 00:00,,139,0
2079,4,6,01/08/2016 00:00,,71,0
2080,2,2,02/08/2016 00:00,,90,0.050000001
2081,3,10,02/08/2016 00:00,,68,0.050000001
2082,1,8,04/08/2016 00:00,,121,0
2083,3,5,04/08/2016 00:00,,54,0
2084,7,2,05/08/2016 00:00,,148,0
2085,2,10,06/08/2016 00:00,,114,0.100000001
2086,7,10,06/08/2016 00:00,,60,0.150000006
2087,1,2,08/08/2016 00:00,,88,0
2088,3,3,09/08/2016 00:00,,89,0
2089,4,9,09/08/2016 00:00,,72,0
2090,6,7,09/08/2016 00:00,,134,0
2091,6,9,09/08/2016 00:00,,135,0
2092,1,6,10/08/2016 00:00,,150,0
2093,3,7,10/08/2016 00:00,,144,0
2094,1,5,11/08/2016 00:00,,81,0
2095,4,10,13/08/2016 00:00,,115,0
2096,2,5,14/08/2016 00:00,,55,0
2097,1,4,18/08/2016 00:00,,58,0
2098,4,7,18/08/2016 00:00,,46,0
2099,1,7,21/08/2016 00:00,,121,0
2100,4,3,21/08/2016 00:00,,98,0
2101,6,1,24/08/2016 00:00,,89,0
2102,1,2,25/08/2016 00:00,,95,0
2103,2,7,26/08/2016 00:00,,74,0.050000001
2104,7,2,26/08/2016 00:00,,46,0
2105,6,5,28/08/2016 00:00,,115,0
2106,3,7,30/08/2016 00:00,,56,0
2107,2,9,01/09/2016 00:00,,145,0
2108,7,5,01/09/2016 00:00,,137,0.150000006
2109,7,10,01/09/2016 00:00,,124,0
2110,4,6,02/09/2016 00:00,,148,0
2111,5,5,06/09/2016 00:00,,103,0
2112,1,5,07/09/2016 00:00,,68,0
2113,3,9,07/09/2016 00:00,,60,0
2114,7,6,07/09/2016 00:00,,114,0.100000001
2115,5,3,08/09/2016 00:00,,136,0
2116,7,2,08/09/2016 00:00,,40,0.050000001
2117,7,9,08/09/2016 00:00,,115,0
2118,3,5,09/09/2016 00:00,,81,0
2119,4,7,09/09/2016 00:00,,41,0
2120,5,10,09/09/2016 00:00,,123,0
2121,3,6,11/09/2016 00:00,,64,0
2122,2,6,12/09/2016 00:00,,54,0.150000006
2123,5,3,13/09/2016 00:00,,79,0
2124,6,3,13/09/2016 00:00,,26,0
2125,5,10,14/09/2016 00:00,,141,0.100000001
2126,4,3,15/09/2016 00:00,,121,0.100000001
2127,5,4,15/09/2016 00:00,,44,0
2128,7,4,15/09/2016 00:00,,70,0
2129,1,7,19/09/2016 00:00,,41,0
2130,7,6,19/09/2016 00:00,,41,0.100000001
2131,2,10,22/09/2016 00:00,,51,0
2132,4,6,22/09/2016 00:00,,47,0.100000001
2133,6,4,22/09/2016 00:00,,29,0
2134,6,6,22/09/2016 00:00,,68,0
2135,6,8,22/09/2016 00:00,,113,0
2136,3,1,23/09/2016 00:00,,27,0
2137,5,4,26/09/2016 00:00,,71,0
2138,7,8,26/09/2016 00:00,,47,0
2139,7,10,26/09/2016 00:00,,77,0
2140,4,7,27/09/2016 00:00,,115,0
2141,2,1,29/09/2016 00:00,,31,0
2142,5,1,29/09/2016 00:00,,75,0
2143,6,9,29/09/2016 00:00,,147,0
2144,7,2,29/09/2016 00:00,,25,0
2145,7,8,30/09/2016 00:00,,90,0
2146,4,4,01/10/2016 00:00,,106,0
2147,1,2,04/10/2016 00:00,,80,0
2148,2,9,05/10/2016 00:00,,36,0
2149,5,1,05/10/2016 00:00,,32,0
2150,5,9,05/10/2016 00:00,,51,0
2151,3,8,06/10/2016 00:00,,113,0
2152,2,4,07/10/2016 00:00,,131,0
2153,2,5,07/10/2016 00:00,,32,0.050000001
2154,5,9,07/10/2016 00:00,,32,0
2155,1,6,09/10/2016 00:00,,72,0
2156,1,3,10/10/2016 00:00,,135,0
2157,3,2,10/10/2016 00:00,,141,0
2158,3,4,10/10/2016 00:00,,27,0
2159,4,10,11/10/2016 00:00,,72,0.150000006
2160,6,6,11/10/2016 00:00,,124,0
2161,7,1,11/10/2016 00:00,,132,0
2162,7,3,11/10/2016 00:00,,48,0.050000001
2163,2,10,13/10/2016 00:00,,91,0.150000006
2164,4,3,13/10/2016 00:00,,137,0
2165,2,10,14/10/2016 00:00,,43,0
2166,3,8,15/10/2016 00:00,,109,0
2167,5,4,15/10/2016 00:00,,86,0
2168,6,8,15/10/2016 00:00,,127,0.050000001
2169,2,1,16/10/2016 00:00,,71,0
2170,2,4,16/10/2016 00:00,,132,0
2171,2,7,16/10/2016 00:00,,100,0
2172,5,3,16/10/2016 00:00,,59,0
2173,5,5,17/10/2016 00:00,,52,0
2174,7,2,18/10/2016 00:00,,70,0
2175,1,1,19/10/2016 00:00,,37,0
2176,6,3,20/10/2016 00:00,,123,0
2177,2,1,21/10/2016 00:00,,67,0
2178,2,9,21/10/2016 00:00,,70,0
2179,1,2,24/10/2016 00:00,,87,0
2180,1,5,25/10/2016 00:00,,62,0
2181,6,9,30/10/2016 00:00,,65,0
2182,4,9,31/10/2016 00:00,,77,0
2183,6,4,31/10/2016 00:00,,56,0
2184,6,10,02/11/2016 00:00,,54,0
2185,7,1,02/11/2016 00:00,,71,0
2186,1,9,04/11/2016 00:00,,130,0.150000006
2187,2,6,04/11/2016 00:00,,76,0
2188,7,9,04/11/2016 00:00,,80,0
2189,1,4,06/11/2016 00:00,,123,0
2190,1,8,08/11/2016 00:00,,142,0.100000001
2191,3,8,09/11/2016 00:00,,139,0.150000006
2192,4,1,09/11/2016 00:00,,50,0
2193,7,7,09/11/2016 00:00,,61,0
2194,2,10,11/11/2016 00:00,,128,0
2195,5,10,11/11/2016 00:00,,119,0
2196,7,10,12/11/2016 00:00,,132,0
2197,4,1,13/11/2016 00:00,,57,0
2198,2,5,14/11/2016 00:00,,71,0
2199,5,7,14/11/2016 00:00,,62,0
2200,6,5,18/11/2016 00:00,,54,0.050000001
2201,5,2,19/11/2016 00:00,,43,0.050000001
2202,3,1,20/11/2016 00:00,,137,0
2203,3,4,22/11/2016 00:00,,97,0
2204,7,1,22/11/2016 00:00,,143,0
2205,3,5,23/11/2016 00:00,,86,0.100000001
2206,5,6,23/11/2016 00:00,,29,0
2207,5,9,23/11/2016 00:00,,39,0
2208,3,3,24/11/2016 00:00,,86,0
2209,4,3,24/11/2016 00:00,,62,0
2210,4,8,26/11/2016 00:00,,37,0
2211,7,9,26/11/2016 00:00,,36,0
2212,1,5,27/11/2016 00:00,,63,0
2213,1,3,29/11/2016 00:00,,84,0
2214,6,4,29/11/2016 00:00,,30,0
2215,6,2,30/11/2016 00:00,,29,0.050000001
2216,1,3,02/12/2016 00:00,,57,0
2217,5,9,02/12/2016 00:00,,83,0
2218,7,10,02/12/2016 00:00,,61,0
2219,4,9,03/12/2016 00:00,,45,0
2220,6,6,03/12/2016 00:00,,145,0.100000001
2221,4,7,04/12/2016 00:00,,89,0
2222,6,7,05/12/2016 00:00,,100,0
2223,4,10,06/12/2016 00:00,,63,0
2224,3,7,08/12/2016 00:00,,140,0
2225,7,4,08/12/2016 00:00,,49,0.050000001
2226,3,9,10/12/2016 00:00,,146,0
2227,5,3,11/12/2016 00:00,,86,0.050000001
2228,2,2,12/12/2016 00:00,,71,0
2229,7,4,12/12/2016 00:00,,143,0
2230,7,9,12/12/2016 00:00,,41,0
2231,1,10,15/12/2016 00:00,,148,0.150000006
2232,2,7,15/12/2016 00:00,,118,0
2233,3,5,15/12/2016 00:00,,137,0
2234,5,7,15/12/2016 00:00,,60,0.100000001
2235,6,5,15/12/2016 00:00,,116,0
2236,3,1,16/12/2016 00:00,,64,0
2237,4,9,18/12/2016 00:00,,49,0
2238,6,6,19/12/2016 00:00,,79,0
2239,2,8,20/12/2016 00:00,,101,0
2240,5,6,20/12/2016 00:00,,43,0
2241,5,10,20/12/2016 00:00,,113,0
2242,3,8,24/12/2016 00:00,,123,0
2243,2,1,26/12/2016 00:00,,83,0.050000001
2244,2,2,28/12/2016 00:00,,87,0
2245,7,6,28/12/2016 00:00,,58,0
